2035.37, -1, -1, -1, -1, -1, -1, -1, -1, -1, -1, -1, -1, -1, 0, 0, 0, -1, 0, 0, 0, -1, 0
2202.2, -1, -1, -1, -1, -1, -1, -1, -1, -1, -1, -1, -1, -1, 0, 0, 0, -1, 0, 0, 0, -1, 0
2369.04, -1, -1, -1, -1, -1, -1, -1, -1, -1, -1, -1, -1, -1, 0, 0, 0, -1, 0, 0, 0, -1, 0
2535.87, -1, -1, -1, -1, -1, -1, -1, -1, -1, -1, -1, -1, -1, 0, 0, 0, -1, 0, 0, 0, -1, 0
2702.7, -1, -1, -1, -1, -1, -1, -1, -1, -1, -1, -1, -1, -1, 0, 0, 0, -1, 0, 0, 0, -1, 0
2869.54, -1, -1, -1, -1, -1, -1, -1, -1, -1, -1, -1, -1, -1, 0, 0, 0, -1, 0, 0, 0, -1, 0
3036.37, -1, -1, -1, -1, -1, -1, -1, -1, -1, -1, -1, -1, -1, 0, 0, 0, -1, 0, 0, 0, -1, 0
3203.2, -1, -1, -1, -1, -1, -1, -1, -1, -1, -1, -1, -1, -1, 0, 0, 0, -1, 0, 0, 0, -1, 0
3370.04, -1, -1, -1, -1, -1, -1, -1, -1, -1, -1, -1, -1, -1, 0, 0, 0, -1, 0, 0, 0, -1, 0
3536.87, -1, -1, -1, -1, -1, -1, -1, -1, -1, -1, -1, -1, -1, 0, 0, 0, -1, 0, 0, 0, -1, 0
3703.7, -1, -1, -1, -1, -1, -1, -1, -1, -1, -1, -1, -1, -1, 0, 0, 0, -1, 0, 0, 0, -1, 0
3870.54, -1, -1, -1, -1, -1, -1, -1, -1, -1, -1, -1, -1, -1, 0, 0, 0, -1, 0, 0, 0, -1, 0
4037.37, -1, -1, -1, -1, -1, -1, -1, -1, -1, -1, -1, -1, -1, 0, 0, 0, -1, 0, 0, 0, -1, 0
4204.2, -1, -1, -1, -1, -1, -1, -1, -1, -1, -1, -1, -1, -1, 0, 0, 0, -1, 0, 0, 0, -1, 0
4371.04, -1, -1, -1, -1, -1, -1, -1, -1, -1, -1, -1, -1, -1, 0, 0, 0, -1, 0, 0, 0, -1, 0
4537.87, -1, -1, -1, -1, -1, -1, -1, -1, -1, -1, -1, -1, -1, 0, 0, 0, -1, 0, 0, 0, -1, 0
4704.7, -1, -1, -1, -1, -1, -1, -1, -1, -1, -1, -1, -1, -1, 0, 0, 0, -1, 0, 0, 0, -1, 0
4871.54, -1, -1, -1, -1, -1, -1, -1, -1, -1, -1, -1, -1, -1, 0, 0, 0, -1, 0, 0, 0, -1, 0
5038.37, -1, -1, -1, -1, -1, -1, -1, -1, -1, -1, -1, -1, -1, 0, 0, 0, -1, 0, 0, 0, -1, 0
5205.21, -1, -1, -1, -1, -1, -1, -1, -1, -1, -1, -1, -1, -1, 0, 0, 0, -1, 0, 0, 0, -1, 0
5372.04, -1, -1, -1, -1, -1, -1, -1, -1, -1, -1, -1, -1, -1, 0, 0, 0, -1, 0, 0, 0, -1, 0
5538.87, -1, -1, -1, -1, -1, -1, -1, -1, -1, -1, -1, -1, -1, 0, 0, 0, -1, 0, 0, 0, -1, 0
5705.71, -1, -1, -1, -1, -1, -1, -1, -1, -1, -1, -1, -1, -1, 0, 0, 0, -1, 0, 0, 0, -1, 0
5872.54, -1, -1, -1, -1, -1, -1, -1, -1, -1, -1, -1, -1, -1, 0, 0, 0, -1, 0, 0, 0, -1, 0
6039.37, -1, -1, -1, -1, -1, -1, -1, -1, -1, -1, -1, -1, -1, 0, 0, 0, -1, 0, 0, 0, -1, 0
6206.21, -1, -1, -1, -1, -1, -1, -1, -1, -1, -1, -1, -1, -1, 0, 0, 0, -1, 0, 0, 0, -1, 0
6373.04, -1, -1, -1, -1, -1, -1, -1, -1, -1, -1, -1, -1, -1, 0, 0, 0, -1, 0, 0, 0, -1, 0
6539.87, -1, -1, -1, -1, -1, -1, -1, -1, -1, -1, -1, -1, -1, 0, 0, 0, -1, 0, 0, 0, -1, 0
6706.71, -1, -1, -1, -1, -1, -1, -1, -1, -1, -1, -1, -1, -1, 0, 0, 0, -1, 0, 0, 0, -1, 0
6873.54, -1, -1, -1, -1, -1, -1, -1, -1, -1, -1, -1, -1, -1, 0, 0, 0, -1, 0, 0, 0, -1, 0
7040.37, -1, -1, -1, -1, -1, -1, -1, -1, -1, -1, -1, -1, -1, 0, 0, 0, -1, 0, 0, 0, -1, 0
7207.21, -1, -1, -1, -1, -1, -1, -1, -1, -1, -1, -1, -1, -1, 0, 0, 0, -1, 0, 0, 0, -1, 0
7374.04, -1, -1, -1, -1, -1, -1, -1, -1, -1, -1, -1, -1, -1, 0, 0, 0, -1, 0, 0, 0, -1, 0
7540.87, -0.000597134, -0.000367425, -0.000839353, 3.8259, 3.8259, 0.0481173, 0.200636, 0.0852445, 0.2771, -1, -1, -1, -1, 0, 0, 0, -1, 0, 0, 0, -1, 0
7707.71, -0.00060077, -0.000369661, -0.000844449, 9.3228, 9.3228, 0.0853531, 0.201237, 0.0856142, 0.277944, -1, -1, -1, -1, 0, 0, 0, -1, 0, 0, 0, -1, 0
7874.54, -1, -1, -1, -1, -1, -1, -1, -1, -1, -1, -1, -1, -1, 0, 0, 0, -1, 0, 0, 0, -1, 0
8041.37, -1, -1, -1, -1, -1, -1, -1, -1, -1, -1, -1, -1, -1, 0, 0, 0, -1, 0, 0, 0, -1, 0
8208.21, -1, -1, -1, -1, -1, -1, -1, -1, -1, -1, -1, -1, -1, 0, 0, 0, -1, 0, 0, 0, -1, 0
8375.04, -1, -1, -1, -1, -1, -1, -1, -1, -1, -1, -1, -1, -1, 0, 0, 0, -1, 0, 0, 0, -1, 0
8541.88, -1, -1, -1, -1, -1, -1, -1, -1, -1, -1, -1, -1, -1, 0, 0, 0, -1, 0, 0, 0, -1, 0
8708.71, -1, -1, -1, -1, -1, -1, -1, -1, -1, -1, -1, -1, -1, 0, 0, 0, -1, 0, 0, 0, -1, 0
8875.54, 0.00641371, -0.00138872, 0.0100305, 0.482118, 0.482122, 0.0264521, 0.160353, 0.102333, 0.250644, -1, -1, -1, -1, 0, 0, 0, -1, 0, 0, 0, -1, 0
9042.38, 0.00321075, -0.00212054, 0.00501794, 0.0384503, 0.0385093, 0.0234906, 0.157142, 0.104453, 0.245626, -1, -1, -1, -1, 0, 0, 0, -1, 0, 0, 0, -1, 0
9209.21, 0.00136967, -0.00729086, 0.00214073, 0.0193176, 0.0194989, 0.0226258, 0.155772, 0.111744, 0.243485, -1, -1, -1, -1, 0, 0, 0, -1, 0, 0, 0, -1, 0
9376.04, -0.00734748, -0.00353498, 0.00124085, 0.0180169, 0.018293, 0.0224225, 0.16312, 0.115279, 0.242244, -1, -1, -1, -1, 0, 0, 0, -1, 0, 0, 0, -1, 0
9542.88, 0.000673905, -0.00356857, 0.00105205, 0.0178883, 0.0182317, 0.0223539, 0.162446, 0.118848, 0.241192, -1, -1, -1, -1, 0, 0, 0, -1, 0, 0, 0, -1, 0
9709.71, -0.00387503, 0.00415936, 0.000257164, 0.0179867, 0.0183214, 0.0223526, 0.166321, 0.114688, 0.240935, -1, -1, -1, -1, 0, 0, 0, -1, 0, 0, 0, -1, 0
9876.54, 0.00382137, -0.00418329, -0.000312075, 0.0183026, 0.0186347, 0.0224494, 0.162499, 0.118872, 0.241247, -1, -1, -1, -1, 0, 0, 0, -1, 0, 0, 0, -1, 0
10043.4, 0.00333108, 0.00349988, -0.00112763, 0.0186946, 0.0190354, 0.0226521, 0.159168, 0.115372, 0.242375, -1, -1, -1, -1, 0, 0, 0, -1, 0, 0, 0, -1, 0
10210.2, 0.00402513, 0.00404491, -0.000104085, 0.0186342, 0.0189146, 0.0228142, 0.155143, 0.111327, 0.242479, -1, -1, -1, -1, 0, 0, 0, -1, 0, 0, 0, -1, 0
10377, 4.53144e-05, 3.83332e-05, 4.35263e-05, 0.0181, 0.0183546, 0.0228503, 0.155098, 0.111289, 0.242435, -1, -1, -1, -1, 0, 0, 0, -1, 0, 0, 0, -1, 0
10543.9, 0.00855854, 0.00437406, 0.000677735, 0.0181071, 0.0183177, 0.0228058, 0.146539, 0.106915, 0.241758, -1, -1, -1, -1, 0, 0, 0, -1, 0, 0, 0, -1, 0
10710.7, -0.00657889, -0.000636823, -0.0109549, 0.0662282, 0.0662706, 0.0240848, 0.153118, 0.107551, 0.252713, -1, -1, -1, -1, 0, 0, 0, -1, 0, 0, 0, -1, 0
10877.5, -0.00317153, -0.00213241, -0.00519192, 0.0668045, 0.0668442, 0.0257028, 0.15629, 0.109684, 0.257905, -1, -1, -1, -1, 0, 0, 0, -1, 0, 0, 0, -1, 0
11044.4, 0.00428323, 0.00300604, 0.00706357, 0.0298613, 0.0299475, 0.0253697, 0.152007, 0.106678, 0.250841, -1, -1, -1, -1, 0, 0, 0, -1, 0, 0, 0, -1, 0
11211.2, -0.00364789, 0.00175237, -0.0060131, 0.030897, 0.0309629, 0.0252361, 0.155654, 0.104925, 0.256854, -1, -1, -1, -1, 0, 0, 0, -1, 0, 0, 0, -1, 0
11378, 0.00424853, 0.00707416, 0.00700916, 0.0295239, 0.0295639, 0.0251317, 0.151406, 0.0978512, 0.249845, -1, -1, -1, -1, 0, 0, 0, -1, 0, 0, 0, -1, 0
11544.9, -0.00891748, -0.00294188, -0.00759079, 0.0326572, 0.0326869, 0.0252153, 0.160323, 0.100793, 0.257436, -1, -1, -1, -1, 0, 0, 0, -1, 0, 0, 0, -1, 0
11711.7, -0.00319512, -0.000915498, 0.00829637, 0.0381326, 0.0381752, 0.0251865, 0.163518, 0.101709, 0.249139, -1, -1, -1, -1, 0, 0, 0, -1, 0, 0, 0, -1, 0
11878.5, -0.0100512, 0.00506799, -0.0086112, 0.0418934, 0.0419256, 0.0252591, 0.17357, 0.0966406, 0.257751, -1, -1, -1, -1, 0, 0, 0, -1, 0, 0, 0, -1, 0
12045.4, 0.00998071, 0.00333512, 0.008696, 0.0429115, 0.0429275, 0.025266, 0.163589, 0.0933055, 0.249055, -1, -1, -1, -1, 0, 0, 0, -1, 0, 0, 0, -1, 0
12212.2, -0.00609683, 0.00532717, 0.00321907, 0.0351869, 0.035195, 0.0240229, 0.169686, 0.0879783, 0.245835, -1, -1, -1, -1, 0, 0, 0, -1, 0, 0, 0, -1, 0
12379, -0.00285837, 0.000680082, 0.00185175, 0.0191507, 0.0191319, 0.0234341, 0.172544, 0.0872982, 0.243984, -1, -1, -1, -1, 0, 0, 0, -1, 0, 0, 0, -1, 0
12545.9, -0.00275704, 0.00473953, 0.00187781, 0.018261, 0.0182082, 0.0230519, 0.175301, 0.0825587, 0.242106, -1, -1, -1, -1, 0, 0, 0, -1, 0, 0, 0, -1, 0
12712.7, 0.000723496, 0.00441618, 0.0010213, 0.0180698, 0.0179939, 0.0227707, 0.174578, 0.0781425, 0.241085, -1, -1, -1, -1, 0, 0, 0, -1, 0, 0, 0, -1, 0
12879.5, -0.000321478, 0.00393066, -0.000445604, 0.018123, 0.0180482, 0.0227156, 0.174899, 0.0742118, 0.24153, -1, -1, -1, -1, 0, 0, 0, -1, 0, 0, 0, -1, 0
13046.4, 0.00380322, 0.00329047, 0.0105807, 0.0468432, 0.0468106, 0.0219362, 0.171096, 0.0709214, 0.23095, -1, -1, -1, -1, 0, 0, 0, -1, 0, 0, 0, -1, 0
13213.2, -0.00108959, 0.00493953, 0.00373214, 0.0467272, 0.0466862, 0.0206489, 0.172186, 0.0659818, 0.227217, -1, -1, -1, -1, 0, 0, 0, -1, 0, 0, 0, -1, 0
13380, 0.0089712, 0.0106098, 0.0119148, 0.0734993, 0.0734769, 0.0194075, 0.163214, 0.055372, 0.215303, -1, -1, -1, -1, 0, 0, 0, -1, 0, 0, 0, -1, 0
13546.9, -0.00281139, -0.00197333, 0.00553264, 0.0735128, 0.0734873, 0.0179414, 0.166026, 0.0573454, 0.20977, -1, -1, -1, -1, 0, 0, 0, -1, 0, 0, 0, -1, 0
13713.7, 0.00127786, 0.00742781, 0.00165355, 0.017158, 0.0170304, 0.0171071, 0.164748, 0.0499175, 0.208116, -1, -1, -1, -1, 0, 0, 0, -1, 0, 0, 0, -1, 0
13880.5, 0.00409843, 0.00369966, 0.000775993, 0.0168029, 0.0167283, 0.016856, 0.160649, 0.0462179, 0.20734, -1, -1, -1, -1, 0, 0, 0, -1, 0, 0, 0, -1, 0
14047.4, 0.000529394, 0.00363405, 0.00066039, 0.0168615, 0.016836, 0.0167287, 0.16012, 0.0425838, 0.20668, -1, -1, -1, -1, 0, 0, 0, -1, 0, 0, 0, -1, 0
14214.2, -0.00167678, -0.00128341, -0.00664552, 0.0857105, 0.0857122, 0.0175178, 0.161797, 0.0438672, 0.213326, -1, -1, -1, -1, 0, 0, 0, -1, 0, 0, 0, -1, 0
14381, -0.0110484, 0.00254353, -0.00509764, 0.0883384, 0.0883397, 0.0185902, 0.172845, 0.0413237, 0.218423, -1, -1, -1, -1, 0, 0, 0, -1, 0, 0, 0, -1, 0
14547.9, 0.0107179, 0.0026949, 0.0107267, 0.75374, 0.75374, 0.0207518, 0.162127, 0.0386288, 0.207697, -1, -1, -1, -1, 0, 0, 0, -1, 0, 0, 0, -1, 0
14714.7, 0.0086576, 0.00643041, 0.000616401, 0.753465, 0.753468, 0.0203481, 0.15347, 0.0321984, 0.20708, -1, -1, -1, -1, 0, 0, 0, -1, 0, 0, 0, -1, 0
14881.5, 0.00366423, 5.72503e-05, 0.000209898, 0.0175699, 0.0177596, 0.0174644, 0.149805, 0.0321412, 0.20687, -1, -1, -1, -1, 0, 0, 0, -1, 0, 0, 0, -1, 0
15048.4, 0.00376348, 0.00352794, 0.000384748, 0.0157743, 0.0160191, 0.0168257, 0.146042, 0.0286132, 0.206485, -1, -1, -1, -1, 0, 0, 0, -1, 0, 0, 0, -1, 0
15215.2, 0.000543341, -0.00107406, -0.00900526, 0.19273, 0.192759, 0.018169, 0.145499, 0.0296873, 0.215491, -1, -1, -1, -1, 0, 0, 0, -1, 0, 0, 0, -1, 0
15382, -0.00377944, 0.000445491, 0.00435264, 0.193105, 0.193135, 0.0186636, 0.149278, 0.0292418, 0.211138, -1, -1, -1, -1, 0, 0, 0, -1, 0, 0, 0, -1, 0
15548.9, 0.0085723, -0.00671052, 0.00225565, 0.0202552, 0.0204602, 0.0174281, 0.140706, 0.0359523, 0.208882, -1, -1, -1, -1, 0, 0, 0, -1, 0, 0, 0, -1, 0
15715.7, 0.00422898, -0.00334617, 0.00104693, 0.0162504, 0.0164337, 0.0169877, 0.136477, 0.0392985, 0.207836, -1, -1, -1, -1, 0, 0, 0, -1, 0, 0, 0, -1, 0
15882.5, -0.000106767, -0.00704113, -0.000184178, 0.0157071, 0.015838, 0.0168773, 0.136584, 0.0463396, 0.20802, -1, -1, -1, -1, 0, 0, 0, -1, 0, 0, 0, -1, 0
16049.4, -0.00361899, 0.00342766, -0.000181571, 0.0158807, 0.015989, 0.0168998, 0.140203, 0.0429119, 0.208201, -1, -1, -1, -1, 0, 0, 0, -1, 0, 0, 0, -1, 0
16216.2, -0.003499, 0.00351891, 2.32011e-05, 0.0157591, 0.0158975, 0.0169108, 0.143702, 0.039393, 0.208178, -1, -1, -1, -1, 0, 0, 0, -1, 0, 0, 0, -1, 0
16383, -0.00363488, 0.00348425, -0.000170976, 0.0156716, 0.0158404, 0.0169219, 0.147336, 0.0359088, 0.208349, -1, -1, -1, -1, 0, 0, 0, -1, 0, 0, 0, -1, 0
16549.9, -0.0101126, 0.000107247, 0.000535339, 0.0158725, 0.0160165, 0.0168931, 0.157449, 0.0358015, 0.207814, -1, -1, -1, -1, 0, 0, 0, -1, 0, 0, 0, -1, 0
16716.7, 0.00686914, -0.00351032, -9.53227e-05, 0.016047, 0.0161577, 0.0168584, 0.15058, 0.0393119, 0.207909, -1, -1, -1, -1, 0, 0, 0, -1, 0, 0, 0, -1, 0
16883.6, 0.00345689, -0.00702465, -9.66936e-05, 0.0159246, 0.0160156, 0.0168736, 0.147123, 0.0463365, 0.208006, -1, -1, -1, -1, 0, 0, 0, -1, 0, 0, 0, -1, 0
17050.4, 0.0033062, -9.64068e-05, -0.000296861, 0.0156948, 0.0157684, 0.0169042, 0.143817, 0.0464329, 0.208303, -1, -1, -1, -1, 0, 0, 0, -1, 0, 0, 0, -1, 0
17217.2, 0.00704077, 8.91089e-06, 3.78191e-05, 0.0156014, 0.0156899, 0.0169244, 0.136776, 0.046424, 0.208265, -1, -1, -1, -1, 0, 0, 0, -1, 0, 0, 0, -1, 0
17384.1, 0.00344215, -2.9888e-05, -0.000136703, 0.0155445, 0.0156402, 0.0169319, 0.133334, 0.0464539, 0.208401, -1, -1, -1, -1, 0, 0, 0, -1, 0, 0, 0, -1, 0
17550.9, 0.00360543, 3.23243e-05, 0.000142947, 0.0154342, 0.0155272, 0.0169306, 0.129728, 0.0464216, 0.208259, -1, -1, -1, -1, 0, 0, 0, -1, 0, 0, 0, -1, 0
17717.7, 0.0104245, -0.00703784, -0.000153333, 0.0157745, 0.0158123, 0.0169329, 0.119304, 0.0534594, 0.208412, -1, -1, -1, -1, 0, 0, 0, -1, 0, 0, 0, -1, 0
17884.6, 0.00759953, 0.00182968, 0.00729811, 0.0378348, 0.0378248, 0.0164632, 0.111704, 0.0516297, 0.201114, -1, -1, -1, -1, 0, 0, 0, -1, 0, 0, 0, -1, 0
18051.4, 0.00544394, -0.00232358, 0.00380741, 0.0381074, 0.0380851, 0.0156074, 0.10626, 0.0539533, 0.197306, -1, -1, -1, -1, 0, 0, 0, -1, 0, 0, 0, -1, 0
18218.2, 0.00745092, -0.00615503, 0.00159854, 0.0161635, 0.0160554, 0.0150989, 0.0988095, 0.0601083, 0.195708, -1, -1, -1, -1, 0, 0, 0, -1, 0, 0, 0, -1, 0
18385.1, 0.00349966, -0.00539538, -0.00647378, 0.0649025, 0.0648515, 0.0156628, 0.0953099, 0.0655037, 0.202182, -1, -1, -1, -1, 0, 0, 0, -1, 0, 0, 0, -1, 0
18551.9, -0.000902988, -0.00506019, 0.00491317, 0.0663465, 0.0662916, 0.0158372, 0.0962128, 0.0705639, 0.197268, -1, -1, -1, -1, 0, 0, 0, -1, 0, 0, 0, -1, 0
18718.7, 0.00444733, -0.00242463, 0.00247362, 0.0204582, 0.0203044, 0.0150786, 0.0917655, 0.0729885, 0.194795, -1, -1, -1, -1, 0, 0, 0, -1, 0, 0, 0, -1, 0
18885.6, 0.000481963, -0.00289529, 0.000997677, 0.0150136, 0.0148033, 0.0147472, 0.0912836, 0.0758838, 0.193797, -1, -1, -1, -1, 0, 0, 0, -1, 0, 0, 0, -1, 0
19052.4, 0.00952036, 0.00268389, 0.00693929, 0.0307863, 0.0306746, 0.0142117, 0.0817632, 0.0731999, 0.186858, -1, -1, -1, -1, 0, 0, 0, -1, 0, 0, 0, -1, 0
19219.2, 0.00449859, -0.00184828, 0.00310636, 0.03079, 0.0306617, 0.0134804, 0.0772646, 0.0750482, 0.183751, -1, -1, -1, -1, 0, 0, 0, -1, 0, 0, 0, -1, 0
19386.1, -0.00232906, 0.00374473, 0.00170785, 0.0144173, 0.0141564, 0.0130712, 0.0795937, 0.0713035, 0.182044, -1, -1, -1, -1, 0, 0, 0, -1, 0, 0, 0, -1, 0
19552.9, -0.00276982, 0.00027664, 0.000669047, 0.0142823, 0.0140615, 0.0128874, 0.0823635, 0.0710268, 0.181375, -1, -1, -1, -1, 0, 0, 0, -1, 0, 0, 0, -1, 0
19719.7, -0.00628829, -0.000145182, -0.000371963, 0.01512, 0.0149652, 0.0128674, 0.0886518, 0.071172, 0.181747, -1, -1, -1, -1, 0, 0, 0, -1, 0, 0, 0, -1, 0
19886.6, -0.00598364, -0.00542379, -0.00595321, 0.0959163, 0.0958989, 0.0136308, 0.0946354, 0.0765958, 0.1877, -1, -1, -1, -1, 0, 0, 0, -1, 0, 0, 0, -1, 0
20053.4, -0.00456066, -0.00108305, -0.00247094, 0.0961215, 0.0961085, 0.014297, 0.0991961, 0.0776789, 0.190171, -1, -1, -1, -1, 0, 0, 0, -1, 0, 0, 0, -1, 0
20220.2, 0.00554462, 0.00502744, 0.0047105, 0.0228311, 0.0227758, 0.013895, 0.0936515, 0.0726514, 0.18546, -1, -1, -1, -1, 0, 0, 0, -1, 0, 0, 0, -1, 0
20387.1, -0.00214454, -0.00483279, -0.00429939, 0.028715, 0.0286633, 0.0138347, 0.095796, 0.0774842, 0.18976, -1, -1, -1, -1, 0, 0, 0, -1, 0, 0, 0, -1, 0
20553.9, -0.00126494, -0.0010486, -0.00250779, 0.0246822, 0.0246227, 0.0143035, 0.0970609, 0.0785328, 0.192267, -1, -1, -1, -1, 0, 0, 0, -1, 0, 0, 0, -1, 0
20720.7, 0.00267462, 0.00278535, -0.00114021, 0.0158727, 0.0157511, 0.0145292, 0.0943863, 0.0757475, 0.193408, -1, -1, -1, -1, 0, 0, 0, -1, 0, 0, 0, -1, 0
20887.6, 0.00612991, -0.000316791, -0.000846297, 0.014903, 0.0146987, 0.0146625, 0.0882564, 0.0760643, 0.194254, -1, -1, -1, -1, 0, 0, 0, -1, 0, 0, 0, -1, 0
21054.4, 0.00589331, 0.00860513, 0.00599259, 0.0398047, 0.0397034, 0.0143761, 0.0823631, 0.0674591, 0.188261, -1, -1, -1, -1, 0, 0, 0, -1, 0, 0, 0, -1, 0
21221.2, 0.00171181, -0.00438067, -0.00352375, 0.041421, 0.0413047, 0.0142282, 0.0806513, 0.0718398, 0.191785, -1, -1, -1, -1, 0, 0, 0, -1, 0, 0, 0, -1, 0
21388.1, 0.00258946, 0.00262582, -0.00160857, 0.0190563, 0.0187479, 0.0145234, 0.0780618, 0.069214, 0.193394, -1, -1, -1, -1, 0, 0, 0, -1, 0, 0, 0, -1, 0
21554.9, 0.00310983, 0.00312905, -0.000396311, 0.0152085, 0.0147463, 0.0146341, 0.074952, 0.0660849, 0.19379, -1, -1, -1, -1, 0, 0, 0, -1, 0, 0, 0, -1, 0
21721.7, 0.00238813, 0.00522117, 0.00608554, 0.0384718, 0.0382867, 0.0142966, 0.0725639, 0.0608638, 0.187704, -1, -1, -1, -1, 0, 0, 0, -1, 0, 0, 0, -1, 0
21888.6, -0.00492948, 0.00111084, 0.00331771, 0.039127, 0.0389802, 0.0136297, 0.0774933, 0.0597529, 0.184387, -1, -1, -1, -1, 0, 0, 0, -1, 0, 0, 0, -1, 0
22055.4, 0.000474088, -0.00268741, 0.001212, 0.0161294, 0.0158405, 0.0132138, 0.0770193, 0.0624403, 0.183175, -1, -1, -1, -1, 0, 0, 0, -1, 0, 0, 0, -1, 0
22222.2, -0.00272177, 0.0063934, 0.000816107, 0.0140409, 0.0137411, 0.0130399, 0.079741, 0.0560469, 0.182359, -1, -1, -1, -1, 0, 0, 0, -1, 0, 0, 0, -1, 0
22389.1, 7.52732e-05, 0.00314948, 0.000202939, 0.0139899, 0.0137188, 0.0129607, 0.0796658, 0.0528974, 0.182156, -1, -1, -1, -1, 0, 0, 0, -1, 0, 0, 0, -1, 0
22555.9, -0.00285801, -0.00596443, 0.000446752, 0.0140454, 0.0137972, 0.0129137, 0.0825238, 0.0588619, 0.181709, -1, -1, -1, -1, 0, 0, 0, -1, 0, 0, 0, -1, 0
22722.7, -0.00299912, 1.90251e-05, 0.000143886, 0.013976, 0.0137645, 0.0128716, 0.0855229, 0.0588429, 0.181565, -1, -1, -1, -1, 0, 0, 0, -1, 0, 0, 0, -1, 0
22889.6, -0.00304137, -0.00608582, 4.60446e-05, 0.0139102, 0.0137378, 0.0128581, 0.0885643, 0.0649287, 0.181519, -1, -1, -1, -1, 0, 0, 0, -1, 0, 0, 0, -1, 0
23056.4, 0.00254022, -0.00110148, 0.00524326, 0.0235504, 0.0234677, 0.0125314, 0.086024, 0.0660302, 0.176276, -1, -1, -1, -1, 0, 0, 0, -1, 0, 0, 0, -1, 0
23223.2, 0.00917385, 0.000238433, 0.00795974, 0.146573, 0.146559, 0.0120493, 0.0768502, 0.0657917, 0.168316, -1, -1, -1, -1, 0, 0, 0, -1, 0, 0, 0, -1, 0
23390.1, 0.00508936, 0.00430553, 0.00426771, 0.145474, 0.145458, 0.0113152, 0.0717608, 0.0614862, 0.164048, -1, -1, -1, -1, 0, 0, 0, -1, 0, 0, 0, -1, 0
23556.9, 0.00349411, -0.00207022, 0.00171481, 0.0145728, 0.0143985, 0.0105145, 0.0682667, 0.0635564, 0.162333, -1, -1, -1, -1, 0, 0, 0, -1, 0, 0, 0, -1, 0
23723.7, -0.00165336, -0.00164083, -0.00405075, 0.119586, 0.119562, 0.0109159, 0.0699201, 0.0651972, 0.166384, -1, -1, -1, -1, 0, 0, 0, -1, 0, 0, 0, -1, 0
23890.6, 0.00118351, 0.00667373, 0.00290599, 0.119705, 0.11968, 0.0110402, 0.0687366, 0.0585235, 0.163478, -1, -1, -1, -1, 0, 0, 0, -1, 0, 0, 0, -1, 0
24057.4, 0.00239162, 0.00469228, 0.00568004, 0.0269641, 0.0268627, 0.0102207, 0.0663449, 0.0538312, 0.157798, -1, -1, -1, -1, 0, 0, 0, -1, 0, 0, 0, -1, 0
24224.2, 0.00127867, 0.00119156, 0.00190721, 2.25169, 2.25169, 0.017163, 0.0650663, 0.0526397, 0.155891, -1, -1, -1, -1, 0, 0, 0, -1, 0, 0, 0, -1, 0
24391.1, 0.000479676, 0.00285183, 0.00228341, 2.2516, 2.2516, 0.0176021, 0.0645866, 0.0497878, 0.153607, -1, -1, -1, -1, 0, 0, 0, -1, 0, 0, 0, -1, 0
24557.9, -0.00234181, 0.00275641, 0.000548765, 0.0166593, 0.016495, 0.0104677, 0.0669284, 0.0470314, 0.153059, -1, -1, -1, -1, 0, 0, 0, -1, 0, 0, 0, -1, 0
24724.7, 0.000177473, -0.00241936, 0.000433505, 0.0126213, 0.0124624, 0.00937931, 0.0667509, 0.0494508, 0.152625, -1, -1, -1, -1, 0, 0, 0, -1, 0, 0, 0, -1, 0
24891.6, -0.00257617, -2.1439e-05, -2.7895e-05, 0.012908, 0.0127711, 0.00914368, 0.0693271, 0.0494722, 0.152653, -1, -1, -1, -1, 0, 0, 0, -1, 0, 0, 0, -1, 0
25058.4, 0.00417529, -0.00129201, 0.0037211, 0.0151564, 0.0150471, 0.00889652, 0.0651518, 0.0507642, 0.148932, -1, -1, -1, -1, 0, 0, 0, -1, 0, 0, 0, -1, 0
25225.2, -0.00356634, -0.000847537, -0.00243676, 0.0332515, 0.0332022, 0.00887595, 0.0687182, 0.0516118, 0.151369, -1, -1, -1, -1, 0, 0, 0, -1, 0, 0, 0, -1, 0
25392.1, -0.00694806, 0.000874743, -0.00451171, 0.18565, 0.185641, 0.00981056, 0.0756662, 0.050737, 0.15588, -1, -1, -1, -1, 0, 0, 0, -1, 0, 0, 0, -1, 0
25558.9, -0.00530889, 0.000421841, 0.000631616, 0.183247, 0.183241, 0.0100772, 0.0809751, 0.0503152, 0.155249, -1, -1, -1, -1, 0, 0, 0, -1, 0, 0, 0, -1, 0
25725.7, -0.0018063, -0.00109933, -0.0033998, 0.0226552, 0.02262, 0.00979364, 0.0827814, 0.0514145, 0.158649, -1, -1, -1, -1, 0, 0, 0, -1, 0, 0, 0, -1, 0
25892.6, 0.00131457, -0.00180934, 0.00250414, 0.0242193, 0.0241869, 0.00975639, 0.0814669, 0.0532239, 0.156145, -1, -1, -1, -1, 0, 0, 0, -1, 0, 0, 0, -1, 0
26059.4, -0.00432427, -0.00204757, 0.00165391, 0.0153208, 0.0152849, 0.00944539, 0.0857911, 0.0552714, 0.154491, -1, -1, -1, -1, 0, 0, 0, -1, 0, 0, 0, -1, 0
26226.2, -0.00257826, 0.0040644, 0.00442494, 0.0296457, 0.0296375, 0.00911584, 0.0883694, 0.051207, 0.150066, -1, -1, -1, -1, 0, 0, 0, -1, 0, 0, 0, -1, 0
26393.1, -0.00175581, 0.000242498, 0.000917077, 2.16032, 2.16032, 0.0156818, 0.0901252, 0.0509645, 0.149149, -1, -1, -1, -1, 0, 0, 0, -1, 0, 0, 0, -1, 0
26559.9, -0.00277171, -0.000361085, 0.0030441, 4.53723, 4.53723, 0.0252628, 0.0928969, 0.0513256, 0.146104, -1, -1, -1, -1, 0, 0, 0, -1, 0, 0, 0, -1, 0
26726.7, -0.00184064, 0.000143651, 0.00113672, 8.25228, 8.25228, 0.038206, 0.0947376, 0.051182, 0.144968, -1, -1, -1, -1, 0, 0, 0, -1, 0, 0, 0, -1, 0
26893.6, -1, -1, -1, -1, -1, -1, -1, -1, -1, -1, -1, -1, -1, 0, 0, 0, -1, 0, 0, 0, -1, 0
27060.4, -1, -1, -1, -1, -1, -1, -1, -1, -1, -1, -1, -1, -1, 0, 0, 0, -1, 0, 0, 0, -1, 0
27227.2, -1, -1, -1, -1, -1, -1, -1, -1, -1, -1, -1, -1, -1, 0, 0, 0, -1, 0, 0, 0, -1, 0
27394.1, -1, -1, -1, -1, -1, -1, -1, -1, -1, -1, -1, -1, -1, 0, 0, 0, -1, 0, 0, 0, -1, 0
27560.9, -1, -1, -1, -1, -1, -1, -1, -1, -1, -1, -1, -1, -1, 0, 0, 0, -1, 0, 0, 0, -1, 0
27727.7, -1, -1, -1, -1, -1, -1, -1, -1, -1, -1, -1, -1, -1, 0, 0, 0, -1, 0, 0, 0, -1, 0
27894.6, -1, -1, -1, -1, -1, -1, -1, -1, -1, -1, -1, -1, -1, 0, 0, 0, -1, 0, 0, 0, -1, 0
28061.4, -1, -1, -1, -1, -1, -1, -1, -1, -1, -1, -1, -1, -1, 0, 0, 0, -1, 0, 0, 0, -1, 0
28228.2, -1, -1, -1, -1, -1, -1, -1, -1, -1, -1, -1, -1, -1, 0, 0, 0, -1, 0, 0, 0, -1, 0
28395.1, -1, -1, -1, -1, -1, -1, -1, -1, -1, -1, -1, -1, -1, 0, 0, 0, -1, 0, 0, 0, -1, 0
28561.9, -1, -1, -1, -1, -1, -1, -1, -1, -1, -1, -1, -1, -1, 0, 0, 0, -1, 0, 0, 0, -1, 0
28728.7, -1, -1, -1, -1, -1, -1, -1, -1, -1, -1, -1, -1, -1, 0, 0, 0, -1, 0, 0, 0, -1, 0
28895.6, -1, -1, -1, -1, -1, -1, -1, -1, -1, -1, -1, -1, -1, 0, 0, 0, -1, 0, 0, 0, -1, 0
29062.4, -1, -1, -1, -1, -1, -1, -1, -1, -1, -1, -1, -1, -1, 0, 0, 0, -1, 0, 0, 0, -1, 0
29229.2, -1, -1, -1, -1, -1, -1, -1, -1, -1, -1, -1, -1, -1, 0, 0, 0, -1, 0, 0, 0, -1, 0
29396.1, -1, -1, -1, -1, -1, -1, -1, -1, -1, -1, -1, -1, -1, 0, 0, 0, -1, 0, 0, 0, -1, 0
29562.9, -1, -1, -1, -1, -1, -1, -1, -1, -1, -1, -1, -1, -1, 0, 0, 0, -1, 0, 0, 0, -1, 0
29729.7, -1, -1, -1, -1, -1, -1, -1, -1, -1, -1, -1, -1, -1, 0, 0, 0, -1, 0, 0, 0, -1, 0
29896.6, -1, -1, -1, -1, -1, -1, -1, -1, -1, -1, -1, -1, -1, 0, 0, 0, -1, 0, 0, 0, -1, 0
30063.4, -1, -1, -1, -1, -1, -1, -1, -1, -1, -1, -1, -1, -1, 0, 0, 0, -1, 0, 0, 0, -1, 0
30230.2, -1, -1, -1, -1, -1, -1, -1, -1, -1, -1, -1, -1, -1, 0, 0, 0, -1, 0, 0, 0, -1, 0
30397.1, -1, -1, -1, -1, -1, -1, -1, -1, -1, -1, -1, -1, -1, 0, 0, 0, -1, 0, 0, 0, -1, 0
30563.9, -1, -1, -1, -1, -1, -1, -1, -1, -1, -1, -1, -1, -1, 0, 0, 0, -1, 0, 0, 0, -1, 0
30730.7, -1, -1, -1, -1, -1, -1, -1, -1, -1, -1, -1, -1, -1, 0, 0, 0, -1, 0, 0, 0, -1, 0
30897.6, -1, -1, -1, -1, -1, -1, -1, -1, -1, -1, -1, -1, -1, 0, 0, 0, -1, 0, 0, 0, -1, 0
31064.4, -1, -1, -1, -1, -1, -1, -1, -1, -1, -1, -1, -1, -1, 0, 0, 0, -1, 0, 0, 0, -1, 0
31231.2, -1, -1, -1, -1, -1, -1, -1, -1, -1, -1, -1, -1, -1, 0, 0, 0, -1, 0, 0, 0, -1, 0
31398.1, -1, -1, -1, -1, -1, -1, -1, -1, -1, -1, -1, -1, -1, 0, 0, 0, -1, 0, 0, 0, -1, 0
31564.9, -1, -1, -1, -1, -1, -1, -1, -1, -1, -1, -1, -1, -1, 0, 0, 0, -1, 0, 0, 0, -1, 0
31731.7, -1, -1, -1, -1, -1, -1, -1, -1, -1, -1, -1, -1, -1, 0, 0, 0, -1, 0, 0, 0, -1, 0
31898.6, -1, -1, -1, -1, -1, -1, -1, -1, -1, -1, -1, -1, -1, 0, 0, 0, -1, 0, 0, 0, -1, 0
32065.4, -0.000505343, 0.00183647, -0.00064078, 0.0117077, 0.0117008, 0.00586385, 0.102439, 0.0581749, 0.126713, -1, -1, -1, -1, 0, 0, 0, -1, 0, 0, 0, -1, 0
32232.2, 0.00195901, 0.00112252, 0.00242237, 0.0208134, 0.0208076, 0.0058805, 0.10048, 0.0570524, 0.124291, -1, -1, -1, -1, 0, 0, 0, -1, 0, 0, 0, -1, 0
32399.1, -0.00125348, 0.00253439, 0.00101197, 0.0208692, 0.0208596, 0.00579705, 0.101733, 0.054518, 0.123279, -1, -1, -1, -1, 0, 0, 0, -1, 0, 0, 0, -1, 0
32565.9, 0.00272078, -0.00168779, 0.000815138, 0.00976293, 0.00974268, 0.00574279, 0.0990125, 0.0562058, 0.122464, -1, -1, -1, -1, 0, 0, 0, -1, 0, 0, 0, -1, 0
32732.7, 0.00230366, 0.00628612, 0.000299163, 0.00943054, 0.00941312, 0.00572621, 0.0967089, 0.0499197, 0.122165, -1, -1, -1, -1, 0, 0, 0, -1, 0, 0, 0, -1, 0
32899.6, 0.00231443, -0.000758141, 0.00290751, 0.0257678, 0.0257607, 0.00564594, 0.0943944, 0.0506778, 0.119257, -1, -1, -1, -1, 0, 0, 0, -1, 0, 0, 0, -1, 0
33066.4, 0.000871502, 0.000783831, 0.000702828, 1.68852, 1.68852, 0.00968838, 0.0935229, 0.049894, 0.118554, -1, -1, -1, -1, 0, 0, 0, -1, 0, 0, 0, -1, 0
33233.2, 0.00176852, 0.00137383, 0.00295791, 3.02158, 3.02158, 0.0141915, 0.0917544, 0.0485202, 0.115596, -1, -1, -1, -1, 0, 0, 0, -1, 0, 0, 0, -1, 0
33400.1, 0.000892915, 0.00078414, 0.000886545, 5.44808, 5.44808, 0.0207415, 0.0908615, 0.047736, 0.11471, -1, -1, -1, -1, 0, 0, 0, -1, 0, 0, 0, -1, 0
33566.9, 0.000879318, 0.000772208, 0.000873052, 9.13424, 9.13424, 0.0307842, 0.0899822, 0.0469638, 0.113837, -1, -1, -1, -1, 0, 0, 0, -1, 0, 0, 0, -1, 0
33733.7, -1, -1, -1, -1, -1, -1, -1, -1, -1, -1, -1, -1, -1, 0, 0, 0, -1, 0, 0, 0, -1, 0
33900.6, -1, -1, -1, -1, -1, -1, -1, -1, -1, -1, -1, -1, -1, 0, 0, 0, -1, 0, 0, 0, -1, 0
34067.4, -1, -1, -1, -1, -1, -1, -1, -1, -1, -1, -1, -1, -1, 0, 0, 0, -1, 0, 0, 0, -1, 0
34234.2, -1, -1, -1, -1, -1, -1, -1, -1, -1, -1, -1, -1, -1, 0, 0, 0, -1, 0, 0, 0, -1, 0
34401.1, -1, -1, -1, -1, -1, -1, -1, -1, -1, -1, -1, -1, -1, 0, 0, 0, -1, 0, 0, 0, -1, 0
34567.9, -1, -1, -1, -1, -1, -1, -1, -1, -1, -1, -1, -1, -1, 0, 0, 0, -1, 0, 0, 0, -1, 0
34734.7, -1, -1, -1, -1, -1, -1, -1, -1, -1, -1, -1, -1, -1, 0, 0, 0, -1, 0, 0, 0, -1, 0
34901.6, -1, -1, -1, -1, -1, -1, -1, -1, -1, -1, -1, -1, -1, 0, 0, 0, -1, 0, 0, 0, -1, 0
35068.4, -1, -1, -1, -1, -1, -1, -1, -1, -1, -1, -1, -1, -1, 0, 0, 0, -1, 0, 0, 0, -1, 0
35235.2, -1, -1, -1, -1, -1, -1, -1, -1, -1, -1, -1, -1, -1, 0, 0, 0, -1, 0, 0, 0, -1, 0
35402.1, -1, -1, -1, -1, -1, -1, -1, -1, -1, -1, -1, -1, -1, 0, 0, 0, -1, 0, 0, 0, -1, 0
35568.9, -1, -1, -1, -1, -1, -1, -1, -1, -1, -1, -1, -1, -1, 0, 0, 0, -1, 0, 0, 0, -1, 0
35735.7, -1, -1, -1, -1, -1, -1, -1, -1, -1, -1, -1, -1, -1, 0, 0, 0, -1, 0, 0, 0, -1, 0
35902.6, -1, -1, -1, -1, -1, -1, -1, -1, -1, -1, -1, -1, -1, 0, 0, 0, -1, 0, 0, 0, -1, 0
36069.4, -1, -1, -1, -1, -1, -1, -1, -1, -1, -1, -1, -1, -1, 0, 0, 0, -1, 0, 0, 0, -1, 0
36236.2, -1, -1, -1, -1, -1, -1, -1, -1, -1, -1, -1, -1, -1, 0, 0, 0, -1, 0, 0, 0, -1, 0
36403.1, -1, -1, -1, -1, -1, -1, -1, -1, -1, -1, -1, -1, -1, 0, 0, 0, -1, 0, 0, 0, -1, 0
36569.9, -1, -1, -1, -1, -1, -1, -1, -1, -1, -1, -1, -1, -1, 0, 0, 0, -1, 0, 0, 0, -1, 0
36736.7, -1, -1, -1, -1, -1, -1, -1, -1, -1, -1, -1, -1, -1, 0, 0, 0, -1, 0, 0, 0, -1, 0
36903.6, -1, -1, -1, -1, -1, -1, -1, -1, -1, -1, -1, -1, -1, 0, 0, 0, -1, 0, 0, 0, -1, 0
37070.4, -1, -1, -1, -1, -1, -1, -1, -1, -1, -1, -1, -1, -1, 0, 0, 0, -1, 0, 0, 0, -1, 0
37237.2, -1, -1, -1, -1, -1, -1, -1, -1, -1, -1, -1, -1, -1, 0, 0, 0, -1, 0, 0, 0, -1, 0
37404.1, -1, -1, -1, -1, -1, -1, -1, -1, -1, -1, -1, -1, -1, 0, 0, 0, -1, 0, 0, 0, -1, 0
37570.9, -1, -1, -1, -1, -1, -1, -1, -1, -1, -1, -1, -1, -1, 0, 0, 0, -1, 0, 0, 0, -1, 0
37737.7, -1, -1, -1, -1, -1, -1, -1, -1, -1, -1, -1, -1, -1, 0, 0, 0, -1, 0, 0, 0, -1, 0
37904.6, -1, -1, -1, -1, -1, -1, -1, -1, -1, -1, -1, -1, -1, 0, 0, 0, -1, 0, 0, 0, -1, 0
38071.4, -1, -1, -1, -1, -1, -1, -1, -1, -1, -1, -1, -1, -1, 0, 0, 0, -1, 0, 0, 0, -1, 0
38238.2, -1, -1, -1, -1, -1, -1, -1, -1, -1, -1, -1, -1, -1, 0, 0, 0, -1, 0, 0, 0, -1, 0
38405.1, -1, -1, -1, -1, -1, -1, -1, -1, -1, -1, -1, -1, -1, 0, 0, 0, -1, 0, 0, 0, -1, 0
38571.9, 0.00615101, -0.012643, -0.00491028, 0.172674, 0.17255, 0.0200489, 0.0667805, 0.0677919, 0.220787, -1, -1, -1, -1, 0, 0, 0, -1, 0, 0, 0, -1, 0
38738.7, 0.00553252, -0.00491028, -0.000753254, 3.17378, 3.17375, 0.0347552, 0.061248, 0.0727022, 0.22154, -1, -1, -1, -1, 0, 0, 0, -1, 0, 0, 0, -1, 0
38905.6, 0.00422502, 0.00348695, 0.0133487, 3.9189, 3.91887, 0.0410625, 0.057023, 0.0692152, 0.208192, -1, -1, -1, -1, 0, 0, 0, -1, 0, 0, 0, -1, 0
39072.4, 0.00498349, -0.00352865, 0.00104757, 6.35241, 6.35238, 0.0517641, 0.0520395, 0.0727439, 0.207144, -1, -1, -1, -1, 0, 0, 0, -1, 0, 0, 0, -1, 0
39239.2, -1, -1, -1, -1, -1, -1, -1, -1, -1, -1, -1, -1, -1, 0, 0, 0, -1, 0, 0, 0, -1, 0
39406.1, -1, -1, -1, -1, -1, -1, -1, -1, -1, -1, -1, -1, -1, 0, 0, 0, -1, 0, 0, 0, -1, 0
39572.9, -1, -1, -1, -1, -1, -1, -1, -1, -1, -1, -1, -1, -1, 0, 0, 0, -1, 0, 0, 0, -1, 0
39739.7, -1, -1, -1, -1, -1, -1, -1, -1, -1, -1, -1, -1, -1, 0, 0, 0, -1, 0, 0, 0, -1, 0
39906.6, -1, -1, -1, -1, -1, -1, -1, -1, -1, -1, -1, -1, -1, 0, 0, 0, -1, 0, 0, 0, -1, 0
40073.4, -1, -1, -1, -1, -1, -1, -1, -1, -1, -1, -1, -1, -1, 0, 0, 0, -1, 0, 0, 0, -1, 0
40240.2, -1, -1, -1, -1, -1, -1, -1, -1, -1, -1, -1, -1, -1, 0, 0, 0, -1, 0, 0, 0, -1, 0
40407.1, -1, -1, -1, -1, -1, -1, -1, -1, -1, -1, -1, -1, -1, 0, 0, 0, -1, 0, 0, 0, -1, 0
40573.9, -1, -1, -1, -1, -1, -1, -1, -1, -1, -1, -1, -1, -1, 0, 0, 0, -1, 0, 0, 0, -1, 0
40740.7, -1, -1, -1, -1, -1, -1, -1, -1, -1, -1, -1, -1, -1, 0, 0, 0, -1, 0, 0, 0, -1, 0
40907.6, -1, -1, -1, -1, -1, -1, -1, -1, -1, -1, -1, -1, -1, 0, 0, 0, -1, 0, 0, 0, -1, 0
41074.4, 0.000177309, -0.0024797, 0.00080134, 0.0164573, 0.0156639, 0.0118909, 0.0318347, 0.0909377, 0.172727, -1, -1, -1, -1, 0, 0, 0, -1, 0, 0, 0, -1, 0
41241.2, 5.49853e-05, 0.000147998, 0.000302672, 0.0140527, 0.0131827, 0.0115721, 0.0317797, 0.0907897, 0.172425, -1, -1, -1, -1, 0, 0, 0, -1, 0, 0, 0, -1, 0
41408.1, 0.00132731, -0.000701219, 0.000799611, 2.26869, 2.26867, 0.0196728, 0.0304524, 0.0914909, 0.171625, -1, -1, -1, -1, 0, 0, 0, -1, 0, 0, 0, -1, 0
41574.9, -0.0025173, 0.00615063, -0.00738834, 2.26976, 2.26974, 0.0209614, 0.0329697, 0.0853403, 0.179013, -1, -1, -1, -1, 0, 0, 0, -1, 0, 0, 0, -1, 0
41741.7, 0.00063359, -0.000434607, -0.00088869, 2.64618, 2.64616, 0.0256107, 0.0323361, 0.0857749, 0.179902, -1, -1, -1, -1, 0, 0, 0, -1, 0, 0, 0, -1, 0
41908.6, 0.000652418, -0.000429653, -0.000775605, 6.60165, 6.60162, 0.0453181, 0.0316837, 0.0862045, 0.180678, -1, -1, -1, -1, 0, 0, 0, -1, 0, 0, 0, -1, 0
42075.4, -0.0171611, -0.00958035, -0.00129186, 6.04858, 6.04855, 0.0409546, 0.0488448, 0.0957849, 0.181969, -1, -1, -1, -1, 0, 0, 0, -1, 0, 0, 0, -1, 0
42242.2, -0.00176231, -0.00168655, -0.000950426, 2.63805, 2.63803, 0.0285251, 0.0506071, 0.0974714, 0.18292, -1, -1, -1, -1, 0, 0, 0, -1, 0, 0, 0, -1, 0
42409.1, -0.00178098, -0.00170442, -0.000960618, 6.68429, 6.68427, 0.0494258, 0.0523881, 0.0991759, 0.18388, -1, -1, -1, -1, 0, 0, 0, -1, 0, 0, 0, -1, 0
42575.9, -1, -1, -1, -1, -1, -1, -1, -1, -1, -1, -1, -1, -1, 0, 0, 0, -1, 0, 0, 0, -1, 0
42742.7, -1, -1, -1, -1, -1, -1, -1, -1, -1, -1, -1, -1, -1, 0, 0, 0, -1, 0, 0, 0, -1, 0
42909.6, -1, -1, -1, -1, -1, -1, -1, -1, -1, -1, -1, -1, -1, 0, 0, 0, -1, 0, 0, 0, -1, 0
43076.4, -1, -1, -1, -1, -1, -1, -1, -1, -1, -1, -1, -1, -1, 0, 0, 0, -1, 0, 0, 0, -1, 0
43243.2, -1, -1, -1, -1, -1, -1, -1, -1, -1, -1, -1, -1, -1, 0, 0, 0, -1, 0, 0, 0, -1, 0
43410.1, -1, -1, -1, -1, -1, -1, -1, -1, -1, -1, -1, -1, -1, 0, 0, 0, -1, 0, 0, 0, -1, 0
43576.9, -1, -1, -1, -1, -1, -1, -1, -1, -1, -1, -1, -1, -1, 0, 0, 0, -1, 0, 0, 0, -1, 0
43743.7, 0.00357454, 0.00178117, 0.00352202, 1.86242, 1.86241, 0.0128619, 0.0143417, 0.0630148, 0.13589, -1, -1, -1, -1, 0, 0, 0, -1, 0, 0, 0, -1, 0
43910.6, 0.00160464, 0.000300683, 0.00106323, 4.3161, 4.31609, 0.020231, 0.0127371, 0.0627141, 0.134827, -1, -1, -1, -1, 0, 0, 0, -1, 0, 0, 0, -1, 0
44077.4, 0.00685315, -0.000703104, 0.00749779, 4.3218, 4.32179, 0.0202781, 0.00588396, 0.0634172, 0.127329, -1, -1, -1, -1, 0, 0, 0, -1, 0, 0, 0, -1, 0
44244.2, 0.0019844, 0.000144877, 0.00153689, 4.23751, 4.23749, 0.0198923, 0.00389956, 0.0632723, 0.125792, -1, -1, -1, -1, 0, 0, 0, -1, 0, 0, 0, -1, 0
44411.1, -0.00448031, -0.00774872, -0.00101958, 3.87037, 3.87036, 0.0179211, 0.00837986, 0.071021, 0.126812, -1, -1, -1, -1, 0, 0, 0, -1, 0, 0, 0, -1, 0
44577.9, -0.000136726, -0.00382203, -0.00296576, 0.128033, 0.127961, 0.00808579, 0.00851659, 0.0748431, 0.129778, -1, -1, -1, -1, 0, 0, 0, -1, 0, 0, 0, -1, 0
44744.7, -0.0107475, -0.00348895, 0.00152157, 0.125966, 0.125919, 0.00715178, 0.0192641, 0.078332, 0.128256, -1, -1, -1, -1, 0, 0, 0, -1, 0, 0, 0, -1, 0
44911.6, -0.00059323, -0.00138813, 0.000884905, 1.81879, 1.81878, 0.0114642, 0.0198573, 0.0797201, 0.127371, -1, -1, -1, -1, 0, 0, 0, -1, 0, 0, 0, -1, 0
45078.4, -0.000585096, -0.00136912, 0.000872776, 4.56689, 4.56688, 0.0206255, 0.0204424, 0.0810893, 0.126498, -1, -1, -1, -1, 0, 0, 0, -1, 0, 0, 0, -1, 0
45245.2, -0.000577137, -0.00135048, 0.000860885, 8.32341, 8.3234, 0.0321028, 0.0210196, 0.0824397, 0.125638, -1, -1, -1, -1, 0, 0, 0, -1, 0, 0, 0, -1, 0
45412.1, -1, -1, -1, -1, -1, -1, -1, -1, -1, -1, -1, -1, -1, 0, 0, 0, -1, 0, 0, 0, -1, 0
45578.9, -1, -1, -1, -1, -1, -1, -1, -1, -1, -1, -1, -1, -1, 0, 0, 0, -1, 0, 0, 0, -1, 0
45745.7, -1, -1, -1, -1, -1, -1, -1, -1, -1, -1, -1, -1, -1, 0, 0, 0, -1, 0, 0, 0, -1, 0
45912.6, -1, -1, -1, -1, -1, -1, -1, -1, -1, -1, -1, -1, -1, 0, 0, 0, -1, 0, 0, 0, -1, 0
46079.4, -1, -1, -1, -1, -1, -1, -1, -1, -1, -1, -1, -1, -1, 0, 0, 0, -1, 0, 0, 0, -1, 0
46246.2, -1, -1, -1, -1, -1, -1, -1, -1, -1, -1, -1, -1, -1, 0, 0, 0, -1, 0, 0, 0, -1, 0
46413.1, -1, -1, -1, -1, -1, -1, -1, -1, -1, -1, -1, -1, -1, 0, 0, 0, -1, 0, 0, 0, -1, 0
46579.9, -1, -1, -1, -1, -1, -1, -1, -1, -1, -1, -1, -1, -1, 0, 0, 0, -1, 0, 0, 0, -1, 0
46746.7, -1, -1, -1, -1, -1, -1, -1, -1, -1, -1, -1, -1, -1, 0, 0, 0, -1, 0, 0, 0, -1, 0
46913.6, -1, -1, -1, -1, -1, -1, -1, -1, -1, -1, -1, -1, -1, 0, 0, 0, -1, 0, 0, 0, -1, 0
47080.4, -1, -1, -1, -1, -1, -1, -1, -1, -1, -1, -1, -1, -1, 0, 0, 0, -1, 0, 0, 0, -1, 0
47247.2, -1, -1, -1, -1, -1, -1, -1, -1, -1, -1, -1, -1, -1, 0, 0, 0, -1, 0, 0, 0, -1, 0
47414.1, -1, -1, -1, -1, -1, -1, -1, -1, -1, -1, -1, -1, -1, 0, 0, 0, -1, 0, 0, 0, -1, 0
47580.9, -1, -1, -1, -1, -1, -1, -1, -1, -1, -1, -1, -1, -1, 0, 0, 0, -1, 0, 0, 0, -1, 0
47747.7, -1, -1, -1, -1, -1, -1, -1, -1, -1, -1, -1, -1, -1, 0, 0, 0, -1, 0, 0, 0, -1, 0
47914.6, -1, -1, -1, -1, -1, -1, -1, -1, -1, -1, -1, -1, -1, 0, 0, 0, -1, 0, 0, 0, -1, 0
48081.4, -1, -1, -1, -1, -1, -1, -1, -1, -1, -1, -1, -1, -1, 0, 0, 0, -1, 0, 0, 0, -1, 0
48248.2, -1, -1, -1, -1, -1, -1, -1, -1, -1, -1, -1, -1, -1, 0, 0, 0, -1, 0, 0, 0, -1, 0
48415.1, -1, -1, -1, -1, -1, -1, -1, -1, -1, -1, -1, -1, -1, 0, 0, 0, -1, 0, 0, 0, -1, 0
48581.9, -1, -1, -1, -1, -1, -1, -1, -1, -1, -1, -1, -1, -1, 0, 0, 0, -1, 0, 0, 0, -1, 0
48748.7, -1, -1, -1, -1, -1, -1, -1, -1, -1, -1, -1, -1, -1, 0, 0, 0, -1, 0, 0, 0, -1, 0
48915.6, -1, -1, -1, -1, -1, -1, -1, -1, -1, -1, -1, -1, -1, 0, 0, 0, -1, 0, 0, 0, -1, 0
49082.4, -1, -1, -1, -1, -1, -1, -1, -1, -1, -1, -1, -1, -1, 0, 0, 0, -1, 0, 0, 0, -1, 0
49249.2, -1, -1, -1, -1, -1, -1, -1, -1, -1, -1, -1, -1, -1, 0, 0, 0, -1, 0, 0, 0, -1, 0
49416.1, -1, -1, -1, -1, -1, -1, -1, -1, -1, -1, -1, -1, -1, 0, 0, 0, -1, 0, 0, 0, -1, 0
49582.9, -1, -1, -1, -1, -1, -1, -1, -1, -1, -1, -1, -1, -1, 0, 0, 0, -1, 0, 0, 0, -1, 0
49749.7, -1, -1, -1, -1, -1, -1, -1, -1, -1, -1, -1, -1, -1, 0, 0, 0, -1, 0, 0, 0, -1, 0
49916.6, -1, -1, -1, -1, -1, -1, -1, -1, -1, -1, -1, -1, -1, 0, 0, 0, -1, 0, 0, 0, -1, 0
50083.4, -1, -1, -1, -1, -1, -1, -1, -1, -1, -1, -1, -1, -1, 0, 0, 0, -1, 0, 0, 0, -1, 0
50250.3, -1, -1, -1, -1, -1, -1, -1, -1, -1, -1, -1, -1, -1, 0, 0, 0, -1, 0, 0, 0, -1, 0
50417.1, -1, -1, -1, -1, -1, -1, -1, -1, -1, -1, -1, -1, -1, 0, 0, 0, -1, 0, 0, 0, -1, 0
50583.9, -1, -1, -1, -1, -1, -1, -1, -1, -1, -1, -1, -1, -1, 0, 0, 0, -1, 0, 0, 0, -1, 0
50750.8, -1, -1, -1, -1, -1, -1, -1, -1, -1, -1, -1, -1, -1, 0, 0, 0, -1, 0, 0, 0, -1, 0
50917.6, -1, -1, -1, -1, -1, -1, -1, -1, -1, -1, -1, -1, -1, 0, 0, 0, -1, 0, 0, 0, -1, 0
51084.4, -1, -1, -1, -1, -1, -1, -1, -1, -1, -1, -1, -1, -1, 0, 0, 0, -1, 0, 0, 0, -1, 0
51251.3, -1, -1, -1, -1, -1, -1, -1, -1, -1, -1, -1, -1, -1, 0, 0, 0, -1, 0, 0, 0, -1, 0
51418.1, -1, -1, -1, -1, -1, -1, -1, -1, -1, -1, -1, -1, -1, 0, 0, 0, -1, 0, 0, 0, -1, 0
51584.9, -1, -1, -1, -1, -1, -1, -1, -1, -1, -1, -1, -1, -1, 0, 0, 0, -1, 0, 0, 0, -1, 0
51751.8, -1, -1, -1, -1, -1, -1, -1, -1, -1, -1, -1, -1, -1, 0, 0, 0, -1, 0, 0, 0, -1, 0
51918.6, -1, -1, -1, -1, -1, -1, -1, -1, -1, -1, -1, -1, -1, 0, 0, 0, -1, 0, 0, 0, -1, 0
52085.4, -1, -1, -1, -1, -1, -1, -1, -1, -1, -1, -1, -1, -1, 0, 0, 0, -1, 0, 0, 0, -1, 0
52252.3, -1, -1, -1, -1, -1, -1, -1, -1, -1, -1, -1, -1, -1, 0, 0, 0, -1, 0, 0, 0, -1, 0
52419.1, -1, -1, -1, -1, -1, -1, -1, -1, -1, -1, -1, -1, -1, 0, 0, 0, -1, 0, 0, 0, -1, 0
52585.9, -1, -1, -1, -1, -1, -1, -1, -1, -1, -1, -1, -1, -1, 0, 0, 0, -1, 0, 0, 0, -1, 0
52752.8, -1, -1, -1, -1, -1, -1, -1, -1, -1, -1, -1, -1, -1, 0, 0, 0, -1, 0, 0, 0, -1, 0
52919.6, -1, -1, -1, -1, -1, -1, -1, -1, -1, -1, -1, -1, -1, 0, 0, 0, -1, 0, 0, 0, -1, 0
53086.4, -1, -1, -1, -1, -1, -1, -1, -1, -1, -1, -1, -1, -1, 0, 0, 0, -1, 0, 0, 0, -1, 0
53253.3, -1, -1, -1, -1, -1, -1, -1, -1, -1, -1, -1, -1, -1, 0, 0, 0, -1, 0, 0, 0, -1, 0
53420.1, -1, -1, -1, -1, -1, -1, -1, -1, -1, -1, -1, -1, -1, 0, 0, 0, -1, 0, 0, 0, -1, 0
53586.9, -1, -1, -1, -1, -1, -1, -1, -1, -1, -1, -1, -1, -1, 0, 0, 0, -1, 0, 0, 0, -1, 0
53753.8, -1, -1, -1, -1, -1, -1, -1, -1, -1, -1, -1, -1, -1, 0, 0, 0, -1, 0, 0, 0, -1, 0
53920.6, -1, -1, -1, -1, -1, -1, -1, -1, -1, -1, -1, -1, -1, 0, 0, 0, -1, 0, 0, 0, -1, 0
54087.4, -1, -1, -1, -1, -1, -1, -1, -1, -1, -1, -1, -1, -1, 0, 0, 0, -1, 0, 0, 0, -1, 0
54254.3, -1, -1, -1, -1, -1, -1, -1, -1, -1, -1, -1, -1, -1, 0, 0, 0, -1, 0, 0, 0, -1, 0
54421.1, -1, -1, -1, -1, -1, -1, -1, -1, -1, -1, -1, -1, -1, 0, 0, 0, -1, 0, 0, 0, -1, 0
54587.9, -1, -1, -1, -1, -1, -1, -1, -1, -1, -1, -1, -1, -1, 0, 0, 0, -1, 0, 0, 0, -1, 0
54754.8, -1, -1, -1, -1, -1, -1, -1, -1, -1, -1, -1, -1, -1, 0, 0, 0, -1, 0, 0, 0, -1, 0
54921.6, -1, -1, -1, -1, -1, -1, -1, -1, -1, -1, -1, -1, -1, 0, 0, 0, -1, 0, 0, 0, -1, 0
55088.4, -1, -1, -1, -1, -1, -1, -1, -1, -1, -1, -1, -1, -1, 0, 0, 0, -1, 0, 0, 0, -1, 0
55255.3, -1, -1, -1, -1, -1, -1, -1, -1, -1, -1, -1, -1, -1, 0, 0, 0, -1, 0, 0, 0, -1, 0
55422.1, -1, -1, -1, -1, -1, -1, -1, -1, -1, -1, -1, -1, -1, 0, 0, 0, -1, 0, 0, 0, -1, 0
55588.9, -1, -1, -1, -1, -1, -1, -1, -1, -1, -1, -1, -1, -1, 0, 0, 0, -1, 0, 0, 0, -1, 0
55755.8, -1, -1, -1, -1, -1, -1, -1, -1, -1, -1, -1, -1, -1, 0, 0, 0, -1, 0, 0, 0, -1, 0
55922.6, -1, -1, -1, -1, -1, -1, -1, -1, -1, -1, -1, -1, -1, 0, 0, 0, -1, 0, 0, 0, -1, 0
56089.4, -1, -1, -1, -1, -1, -1, -1, -1, -1, -1, -1, -1, -1, 0, 0, 0, -1, 0, 0, 0, -1, 0
56256.3, -1, -1, -1, -1, -1, -1, -1, -1, -1, -1, -1, -1, -1, 0, 0, 0, -1, 0, 0, 0, -1, 0
56423.1, -1, -1, -1, -1, -1, -1, -1, -1, -1, -1, -1, -1, -1, 0, 0, 0, -1, 0, 0, 0, -1, 0
56589.9, -1, -1, -1, -1, -1, -1, -1, -1, -1, -1, -1, -1, -1, 0, 0, 0, -1, 0, 0, 0, -1, 0
56756.8, -1, -1, -1, -1, -1, -1, -1, -1, -1, -1, -1, -1, -1, 0, 0, 0, -1, 0, 0, 0, -1, 0
56923.6, -1, -1, -1, -1, -1, -1, -1, -1, -1, -1, -1, -1, -1, 0, 0, 0, -1, 0, 0, 0, -1, 0
57090.4, -1, -1, -1, -1, -1, -1, -1, -1, -1, -1, -1, -1, -1, 0, 0, 0, -1, 0, 0, 0, -1, 0
57257.3, -1, -1, -1, -1, -1, -1, -1, -1, -1, -1, -1, -1, -1, 0, 0, 0, -1, 0, 0, 0, -1, 0
57424.1, -1, -1, -1, -1, -1, -1, -1, -1, -1, -1, -1, -1, -1, 0, 0, 0, -1, 0, 0, 0, -1, 0
57590.9, -1, -1, -1, -1, -1, -1, -1, -1, -1, -1, -1, -1, -1, 0, 0, 0, -1, 0, 0, 0, -1, 0
57757.8, -1, -1, -1, -1, -1, -1, -1, -1, -1, -1, -1, -1, -1, 0, 0, 0, -1, 0, 0, 0, -1, 0
57924.6, -1, -1, -1, -1, -1, -1, -1, -1, -1, -1, -1, -1, -1, 0, 0, 0, -1, 0, 0, 0, -1, 0
58091.4, -1, -1, -1, -1, -1, -1, -1, -1, -1, -1, -1, -1, -1, 0, 0, 0, -1, 0, 0, 0, -1, 0
58258.3, -1, -1, -1, -1, -1, -1, -1, -1, -1, -1, -1, -1, -1, 0, 0, 0, -1, 0, 0, 0, -1, 0
58425.1, -1, -1, -1, -1, -1, -1, -1, -1, -1, -1, -1, -1, -1, 0, 0, 0, -1, 0, 0, 0, -1, 0
58591.9, -1, -1, -1, -1, -1, -1, -1, -1, -1, -1, -1, -1, -1, 0, 0, 0, -1, 0, 0, 0, -1, 0
58758.8, -1, -1, -1, -1, -1, -1, -1, -1, -1, -1, -1, -1, -1, 0, 0, 0, -1, 0, 0, 0, -1, 0
58925.6, -1, -1, -1, -1, -1, -1, -1, -1, -1, -1, -1, -1, -1, 0, 0, 0, -1, 0, 0, 0, -1, 0
59092.4, -1, -1, -1, -1, -1, -1, -1, -1, -1, -1, -1, -1, -1, 0, 0, 0, -1, 0, 0, 0, -1, 0
59259.3, -1, -1, -1, -1, -1, -1, -1, -1, -1, -1, -1, -1, -1, 0, 0, 0, -1, 0, 0, 0, -1, 0
59426.1, -1, -1, -1, -1, -1, -1, -1, -1, -1, -1, -1, -1, -1, 0, 0, 0, -1, 0, 0, 0, -1, 0
59592.9, -1, -1, -1, -1, -1, -1, -1, -1, -1, -1, -1, -1, -1, 0, 0, 0, -1, 0, 0, 0, -1, 0
59759.8, -1, -1, -1, -1, -1, -1, -1, -1, -1, -1, -1, -1, -1, 0, 0, 0, -1, 0, 0, 0, -1, 0
59926.6, -1, -1, -1, -1, -1, -1, -1, -1, -1, -1, -1, -1, -1, 0, 0, 0, -1, 0, 0, 0, -1, 0
60093.4, -1, -1, -1, -1, -1, -1, -1, -1, -1, -1, -1, -1, -1, 0, 0, 0, -1, 0, 0, 0, -1, 0
60260.3, -1, -1, -1, -1, -1, -1, -1, -1, -1, -1, -1, -1, -1, 0, 0, 0, -1, 0, 0, 0, -1, 0
60427.1, -1, -1, -1, -1, -1, -1, -1, -1, -1, -1, -1, -1, -1, 0, 0, 0, -1, 0, 0, 0, -1, 0
60593.9, -1, -1, -1, -1, -1, -1, -1, -1, -1, -1, -1, -1, -1, 0, 0, 0, -1, 0, 0, 0, -1, 0
60760.8, -1, -1, -1, -1, -1, -1, -1, -1, -1, -1, -1, -1, -1, 0, 0, 0, -1, 0, 0, 0, -1, 0
60927.6, -1, -1, -1, -1, -1, -1, -1, -1, -1, -1, -1, -1, -1, 0, 0, 0, -1, 0, 0, 0, -1, 0
61094.4, -1, -1, -1, -1, -1, -1, -1, -1, -1, -1, -1, -1, -1, 0, 0, 0, -1, 0, 0, 0, -1, 0
61261.3, -1, -1, -1, -1, -1, -1, -1, -1, -1, -1, -1, -1, -1, 0, 0, 0, -1, 0, 0, 0, -1, 0
61428.1, -1, -1, -1, -1, -1, -1, -1, -1, -1, -1, -1, -1, -1, 0, 0, 0, -1, 0, 0, 0, -1, 0
61594.9, -1, -1, -1, -1, -1, -1, -1, -1, -1, -1, -1, -1, -1, 0, 0, 0, -1, 0, 0, 0, -1, 0
61761.8, -1, -1, -1, -1, -1, -1, -1, -1, -1, -1, -1, -1, -1, 0, 0, 0, -1, 0, 0, 0, -1, 0
61928.6, -1, -1, -1, -1, -1, -1, -1, -1, -1, -1, -1, -1, -1, 0, 0, 0, -1, 0, 0, 0, -1, 0
62095.4, -1, -1, -1, -1, -1, -1, -1, -1, -1, -1, -1, -1, -1, 0, 0, 0, -1, 0, 0, 0, -1, 0
62262.3, -1, -1, -1, -1, -1, -1, -1, -1, -1, -1, -1, -1, -1, 0, 0, 0, -1, 0, 0, 0, -1, 0
62429.1, -1, -1, -1, -1, -1, -1, -1, -1, -1, -1, -1, -1, -1, 0, 0, 0, -1, 0, 0, 0, -1, 0
62595.9, -1, -1, -1, -1, -1, -1, -1, -1, -1, -1, -1, -1, -1, 0, 0, 0, -1, 0, 0, 0, -1, 0
62762.8, -1, -1, -1, -1, -1, -1, -1, -1, -1, -1, -1, -1, -1, 0, 0, 0, -1, 0, 0, 0, -1, 0
62929.6, -1, -1, -1, -1, -1, -1, -1, -1, -1, -1, -1, -1, -1, 0, 0, 0, -1, 0, 0, 0, -1, 0
63096.4, -1, -1, -1, -1, -1, -1, -1, -1, -1, -1, -1, -1, -1, 0, 0, 0, -1, 0, 0, 0, -1, 0
63263.3, -1, -1, -1, -1, -1, -1, -1, -1, -1, -1, -1, -1, -1, 0, 0, 0, -1, 0, 0, 0, -1, 0
63430.1, -1, -1, -1, -1, -1, -1, -1, -1, -1, -1, -1, -1, -1, 0, 0, 0, -1, 0, 0, 0, -1, 0
63596.9, -1, -1, -1, -1, -1, -1, -1, -1, -1, -1, -1, -1, -1, 0, 0, 0, -1, 0, 0, 0, -1, 0
63763.8, -1, -1, -1, -1, -1, -1, -1, -1, -1, -1, -1, -1, -1, 0, 0, 0, -1, 0, 0, 0, -1, 0
63930.6, -1, -1, -1, -1, -1, -1, -1, -1, -1, -1, -1, -1, -1, 0, 0, 0, -1, 0, 0, 0, -1, 0
64097.4, -1, -1, -1, -1, -1, -1, -1, -1, -1, -1, -1, -1, -1, 0, 0, 0, -1, 0, 0, 0, -1, 0
64264.3, -1, -1, -1, -1, -1, -1, -1, -1, -1, -1, -1, -1, -1, 0, 0, 0, -1, 0, 0, 0, -1, 0
64431.1, -1, -1, -1, -1, -1, -1, -1, -1, -1, -1, -1, -1, -1, 0, 0, 0, -1, 0, 0, 0, -1, 0
64597.9, -1, -1, -1, -1, -1, -1, -1, -1, -1, -1, -1, -1, -1, 0, 0, 0, -1, 0, 0, 0, -1, 0
64764.8, -1, -1, -1, -1, -1, -1, -1, -1, -1, -1, -1, -1, -1, 0, 0, 0, -1, 0, 0, 0, -1, 0
64931.6, -1, -1, -1, -1, -1, -1, -1, -1, -1, -1, -1, -1, -1, 0, 0, 0, -1, 0, 0, 0, -1, 0
65098.4, -1, -1, -1, -1, -1, -1, -1, -1, -1, -1, -1, -1, -1, 0, 0, 0, -1, 0, 0, 0, -1, 0
65265.3, -1, -1, -1, -1, -1, -1, -1, -1, -1, -1, -1, -1, -1, 0, 0, 0, -1, 0, 0, 0, -1, 0
65432.1, -1, -1, -1, -1, -1, -1, -1, -1, -1, -1, -1, -1, -1, 0, 0, 0, -1, 0, 0, 0, -1, 0
65598.9, -1, -1, -1, -1, -1, -1, -1, -1, -1, -1, -1, -1, -1, 0, 0, 0, -1, 0, 0, 0, -1, 0
65765.8, -0.00503621, -0.00417425, -0.00856614, 2.82265, 2.82266, 0.0385175, 0.162441, 0.142557, 0.248358, -1, -1, -1, -1, 0, 0, 0, -1, 0, 0, 0, -1, 0
65932.6, -0.00159009, -0.00190262, -0.00497949, 7.92614, 7.92616, 0.0737401, 0.164031, 0.14446, 0.253338, -1, -1, -1, -1, 0, 0, 0, -1, 0, 0, 0, -1, 0
66099.4, -0.0220655, 0.00264829, 0.00758794, 7.40679, 7.40681, 0.0687364, 0.186096, 0.141812, 0.24575, -1, -1, -1, -1, 0, 0, 0, -1, 0, 0, 0, -1, 0
66266.3, -0.0135643, -0.0112518, -0.0119946, 0.0671732, 0.0675335, 0.0299677, 0.19966, 0.153063, 0.257745, -1, -1, -1, -1, 0, 0, 0, -1, 0, 0, 0, -1, 0
66433.1, -0.00639488, -0.00302871, -0.00486216, 3.7677, 3.76772, 0.0496879, 0.206055, 0.156092, 0.262607, -1, -1, -1, -1, 0, 0, 0, -1, 0, 0, 0, -1, 0
66599.9, -1, -1, -1, -1, -1, -1, -1, -1, -1, -1, -1, -1, -1, 0, 0, 0, -1, 0, 0, 0, -1, 0
66766.8, -1, -1, -1, -1, -1, -1, -1, -1, -1, -1, -1, -1, -1, 0, 0, 0, -1, 0, 0, 0, -1, 0
66933.6, -1, -1, -1, -1, -1, -1, -1, -1, -1, -1, -1, -1, -1, 0, 0, 0, -1, 0, 0, 0, -1, 0
67100.4, -1, -1, -1, -1, -1, -1, -1, -1, -1, -1, -1, -1, -1, 0, 0, 0, -1, 0, 0, 0, -1, 0
67267.3, -1, -1, -1, -1, -1, -1, -1, -1, -1, -1, -1, -1, -1, 0, 0, 0, -1, 0, 0, 0, -1, 0
67434.1, -1, -1, -1, -1, -1, -1, -1, -1, -1, -1, -1, -1, -1, 0, 0, 0, -1, 0, 0, 0, -1, 0
67600.9, -1, -1, -1, -1, -1, -1, -1, -1, -1, -1, -1, -1, -1, 0, 0, 0, -1, 0, 0, 0, -1, 0
67767.8, -1, -1, -1, -1, -1, -1, -1, -1, -1, -1, -1, -1, -1, 0, 0, 0, -1, 0, 0, 0, -1, 0
67934.6, -1, -1, -1, -1, -1, -1, -1, -1, -1, -1, -1, -1, -1, 0, 0, 0, -1, 0, 0, 0, -1, 0
68101.4, -1, -1, -1, -1, -1, -1, -1, -1, -1, -1, -1, -1, -1, 0, 0, 0, -1, 0, 0, 0, -1, 0
68268.3, -1, -1, -1, -1, -1, -1, -1, -1, -1, -1, -1, -1, -1, 0, 0, 0, -1, 0, 0, 0, -1, 0
68435.1, -1, -1, -1, -1, -1, -1, -1, -1, -1, -1, -1, -1, -1, 0, 0, 0, -1, 0, 0, 0, -1, 0
68601.9, -1, -1, -1, -1, -1, -1, -1, -1, -1, -1, -1, -1, -1, 0, 0, 0, -1, 0, 0, 0, -1, 0
68768.8, -1, -1, -1, -1, -1, -1, -1, -1, -1, -1, -1, -1, -1, 0, 0, 0, -1, 0, 0, 0, -1, 0
68935.6, -1, -1, -1, -1, -1, -1, -1, -1, -1, -1, -1, -1, -1, 0, 0, 0, -1, 0, 0, 0, -1, 0
69102.4, -1, -1, -1, -1, -1, -1, -1, -1, -1, -1, -1, -1, -1, 0, 0, 0, -1, 0, 0, 0, -1, 0
69269.3, -1, -1, -1, -1, -1, -1, -1, -1, -1, -1, -1, -1, -1, 0, 0, 0, -1, 0, 0, 0, -1, 0
69436.1, -1, -1, -1, -1, -1, -1, -1, -1, -1, -1, -1, -1, -1, 0, 0, 0, -1, 0, 0, 0, -1, 0
69602.9, -1, -1, -1, -1, -1, -1, -1, -1, -1, -1, -1, -1, -1, 0, 0, 0, -1, 0, 0, 0, -1, 0
69769.8, -1, -1, -1, -1, -1, -1, -1, -1, -1, -1, -1, -1, -1, 0, 0, 0, -1, 0, 0, 0, -1, 0
69936.6, -1, -1, -1, -1, -1, -1, -1, -1, -1, -1, -1, -1, -1, 0, 0, 0, -1, 0, 0, 0, -1, 0
70103.4, -1, -1, -1, -1, -1, -1, -1, -1, -1, -1, -1, -1, -1, 0, 0, 0, -1, 0, 0, 0, -1, 0
70270.3, -1, -1, -1, -1, -1, -1, -1, -1, -1, -1, -1, -1, -1, 0, 0, 0, -1, 0, 0, 0, -1, 0
70437.1, -1, -1, -1, -1, -1, -1, -1, -1, -1, -1, -1, -1, -1, 0, 0, 0, -1, 0, 0, 0, -1, 0
70603.9, -1, -1, -1, -1, -1, -1, -1, -1, -1, -1, -1, -1, -1, 0, 0, 0, -1, 0, 0, 0, -1, 0
70770.8, -1, -1, -1, -1, -1, -1, -1, -1, -1, -1, -1, -1, -1, 0, 0, 0, -1, 0, 0, 0, -1, 0
70937.6, -1, -1, -1, -1, -1, -1, -1, -1, -1, -1, -1, -1, -1, 0, 0, 0, -1, 0, 0, 0, -1, 0
71104.4, -1, -1, -1, -1, -1, -1, -1, -1, -1, -1, -1, -1, -1, 0, 0, 0, -1, 0, 0, 0, -1, 0
71271.3, -1, -1, -1, -1, -1, -1, -1, -1, -1, -1, -1, -1, -1, 0, 0, 0, -1, 0, 0, 0, -1, 0
71438.1, -1, -1, -1, -1, -1, -1, -1, -1, -1, -1, -1, -1, -1, 0, 0, 0, -1, 0, 0, 0, -1, 0
71604.9, -1, -1, -1, -1, -1, -1, -1, -1, -1, -1, -1, -1, -1, 0, 0, 0, -1, 0, 0, 0, -1, 0
71771.8, -1, -1, -1, -1, -1, -1, -1, -1, -1, -1, -1, -1, -1, 0, 0, 0, -1, 0, 0, 0, -1, 0
71938.6, -1, -1, -1, -1, -1, -1, -1, -1, -1, -1, -1, -1, -1, 0, 0, 0, -1, 0, 0, 0, -1, 0
72105.4, -1, -1, -1, -1, -1, -1, -1, -1, -1, -1, -1, -1, -1, 0, 0, 0, -1, 0, 0, 0, -1, 0
72272.3, -1, -1, -1, -1, -1, -1, -1, -1, -1, -1, -1, -1, -1, 0, 0, 0, -1, 0, 0, 0, -1, 0
72439.1, -1, -1, -1, -1, -1, -1, -1, -1, -1, -1, -1, -1, -1, 0, 0, 0, -1, 0, 0, 0, -1, 0
72605.9, -1, -1, -1, -1, -1, -1, -1, -1, -1, -1, -1, -1, -1, 0, 0, 0, -1, 0, 0, 0, -1, 0
72772.8, -1, -1, -1, -1, -1, -1, -1, -1, -1, -1, -1, -1, -1, 0, 0, 0, -1, 0, 0, 0, -1, 0
72939.6, -1, -1, -1, -1, -1, -1, -1, -1, -1, -1, -1, -1, -1, 0, 0, 0, -1, 0, 0, 0, -1, 0
73106.4, -1, -1, -1, -1, -1, -1, -1, -1, -1, -1, -1, -1, -1, 0, 0, 0, -1, 0, 0, 0, -1, 0
73273.3, -1, -1, -1, -1, -1, -1, -1, -1, -1, -1, -1, -1, -1, 0, 0, 0, -1, 0, 0, 0, -1, 0
73440.1, -1, -1, -1, -1, -1, -1, -1, -1, -1, -1, -1, -1, -1, 0, 0, 0, -1, 0, 0, 0, -1, 0
73606.9, -1, -1, -1, -1, -1, -1, -1, -1, -1, -1, -1, -1, -1, 0, 0, 0, -1, 0, 0, 0, -1, 0
73773.8, -1, -1, -1, -1, -1, -1, -1, -1, -1, -1, -1, -1, -1, 0, 0, 0, -1, 0, 0, 0, -1, 0
73940.6, -1, -1, -1, -1, -1, -1, -1, -1, -1, -1, -1, -1, -1, 0, 0, 0, -1, 0, 0, 0, -1, 0
74107.4, -1, -1, -1, -1, -1, -1, -1, -1, -1, -1, -1, -1, -1, 0, 0, 0, -1, 0, 0, 0, -1, 0
74274.3, -1, -1, -1, -1, -1, -1, -1, -1, -1, -1, -1, -1, -1, 0, 0, 0, -1, 0, 0, 0, -1, 0
74441.1, -1, -1, -1, -1, -1, -1, -1, -1, -1, -1, -1, -1, -1, 0, 0, 0, -1, 0, 0, 0, -1, 0
74607.9, -1, -1, -1, -1, -1, -1, -1, -1, -1, -1, -1, -1, -1, 0, 0, 0, -1, 0, 0, 0, -1, 0
74774.8, -1, -1, -1, -1, -1, -1, -1, -1, -1, -1, -1, -1, -1, 0, 0, 0, -1, 0, 0, 0, -1, 0
74941.6, -1, -1, -1, -1, -1, -1, -1, -1, -1, -1, -1, -1, -1, 0, 0, 0, -1, 0, 0, 0, -1, 0
75108.4, -1, -1, -1, -1, -1, -1, -1, -1, -1, -1, -1, -1, -1, 0, 0, 0, -1, 0, 0, 0, -1, 0
75275.3, -1, -1, -1, -1, -1, -1, -1, -1, -1, -1, -1, -1, -1, 0, 0, 0, -1, 0, 0, 0, -1, 0
75442.1, -1, -1, -1, -1, -1, -1, -1, -1, -1, -1, -1, -1, -1, 0, 0, 0, -1, 0, 0, 0, -1, 0
75608.9, -1, -1, -1, -1, -1, -1, -1, -1, -1, -1, -1, -1, -1, 0, 0, 0, -1, 0, 0, 0, -1, 0
75775.8, -1, -1, -1, -1, -1, -1, -1, -1, -1, -1, -1, -1, -1, 0, 0, 0, -1, 0, 0, 0, -1, 0
75942.6, -1, -1, -1, -1, -1, -1, -1, -1, -1, -1, -1, -1, -1, 0, 0, 0, -1, 0, 0, 0, -1, 0
76109.4, -1, -1, -1, -1, -1, -1, -1, -1, -1, -1, -1, -1, -1, 0, 0, 0, -1, 0, 0, 0, -1, 0
76276.3, -1, -1, -1, -1, -1, -1, -1, -1, -1, -1, -1, -1, -1, 0, 0, 0, -1, 0, 0, 0, -1, 0
76443.1, 0.00128415, 0.00179871, 0.000232369, 2.50618, 2.50615, 0.0243267, 0.232895, 0.0286422, 0.195484, -1, -1, -1, -1, 0, 0, 0, -1, 0, 0, 0, -1, 0
76609.9, -0.00598411, 0.0082686, 0.00127143, 2.50621, 2.50618, 0.0252177, 0.238879, 0.0203736, 0.194213, -1, -1, -1, -1, 0, 0, 0, -1, 0, 0, 0, -1, 0
76776.8, 0.00186823, 0.0031703, 0.00117253, 2.72191, 2.72187, 0.0282284, 0.237011, 0.0172033, 0.19304, -1, -1, -1, -1, 0, 0, 0, -1, 0, 0, 0, -1, 0
76943.6, 0.0161471, 0.000987655, 0.00846152, 2.72216, 2.72212, 0.0279789, 0.220864, 0.0162157, 0.184579, -1, -1, -1, -1, 0, 0, 0, -1, 0, 0, 0, -1, 0
77110.4, -0.0185437, -0.000412468, -0.00505844, 0.0668871, 0.0663712, 0.0157797, 0.239408, 0.0166281, 0.189637, -1, -1, -1, -1, 0, 0, 0, -1, 0, 0, 0, -1, 0
77277.3, 0.000574455, 0.00233817, 0.00112092, 2.73709, 2.73706, 0.0256025, 0.238833, 0.01429, 0.188516, -1, -1, -1, -1, 0, 0, 0, -1, 0, 0, 0, -1, 0
77444.1, 0.00056757, 0.00231064, 0.00110759, 6.8169, 6.81685, 0.0457008, 0.238266, 0.0119793, 0.187409, -1, -1, -1, -1, 0, 0, 0, -1, 0, 0, 0, -1, 0
77610.9, -1, -1, -1, -1, -1, -1, -1, -1, -1, -1, -1, -1, -1, 0, 0, 0, -1, 0, 0, 0, -1, 0
77777.8, -1, -1, -1, -1, -1, -1, -1, -1, -1, -1, -1, -1, -1, 0, 0, 0, -1, 0, 0, 0, -1, 0
77944.6, -1, -1, -1, -1, -1, -1, -1, -1, -1, -1, -1, -1, -1, 0, 0, 0, -1, 0, 0, 0, -1, 0
78111.4, -1, -1, -1, -1, -1, -1, -1, -1, -1, -1, -1, -1, -1, 0, 0, 0, -1, 0, 0, 0, -1, 0
78278.3, -1, -1, -1, -1, -1, -1, -1, -1, -1, -1, -1, -1, -1, 0, 0, 0, -1, 0, 0, 0, -1, 0
78445.1, -1, -1, -1, -1, -1, -1, -1, -1, -1, -1, -1, -1, -1, 0, 0, 0, -1, 0, 0, 0, -1, 0
78611.9, -1, -1, -1, -1, -1, -1, -1, -1, -1, -1, -1, -1, -1, 0, 0, 0, -1, 0, 0, 0, -1, 0
78778.8, -1, -1, -1, -1, -1, -1, -1, -1, -1, -1, -1, -1, -1, 0, 0, 0, -1, 0, 0, 0, -1, 0
78945.6, -1, -1, -1, -1, -1, -1, -1, -1, -1, -1, -1, -1, -1, 0, 0, 0, -1, 0, 0, 0, -1, 0
79112.4, -1, -1, -1, -1, -1, -1, -1, -1, -1, -1, -1, -1, -1, 0, 0, 0, -1, 0, 0, 0, -1, 0
79279.3, -1, -1, -1, -1, -1, -1, -1, -1, -1, -1, -1, -1, -1, 0, 0, 0, -1, 0, 0, 0, -1, 0
79446.1, -1, -1, -1, -1, -1, -1, -1, -1, -1, -1, -1, -1, -1, 0, 0, 0, -1, 0, 0, 0, -1, 0
79612.9, -1, -1, -1, -1, -1, -1, -1, -1, -1, -1, -1, -1, -1, 0, 0, 0, -1, 0, 0, 0, -1, 0
79779.8, -1, -1, -1, -1, -1, -1, -1, -1, -1, -1, -1, -1, -1, 0, 0, 0, -1, 0, 0, 0, -1, 0
79946.6, -1, -1, -1, -1, -1, -1, -1, -1, -1, -1, -1, -1, -1, 0, 0, 0, -1, 0, 0, 0, -1, 0
80113.4, -1, -1, -1, -1, -1, -1, -1, -1, -1, -1, -1, -1, -1, 0, 0, 0, -1, 0, 0, 0, -1, 0
80280.3, -1, -1, -1, -1, -1, -1, -1, -1, -1, -1, -1, -1, -1, 0, 0, 0, -1, 0, 0, 0, -1, 0
80447.1, -1, -1, -1, -1, -1, -1, -1, -1, -1, -1, -1, -1, -1, 0, 0, 0, -1, 0, 0, 0, -1, 0
80613.9, -1, -1, -1, -1, -1, -1, -1, -1, -1, -1, -1, -1, -1, 0, 0, 0, -1, 0, 0, 0, -1, 0
80780.8, -1, -1, -1, -1, -1, -1, -1, -1, -1, -1, -1, -1, -1, 0, 0, 0, -1, 0, 0, 0, -1, 0
80947.6, -1, -1, -1, -1, -1, -1, -1, -1, -1, -1, -1, -1, -1, 0, 0, 0, -1, 0, 0, 0, -1, 0
81114.4, -1, -1, -1, -1, -1, -1, -1, -1, -1, -1, -1, -1, -1, 0, 0, 0, -1, 0, 0, 0, -1, 0
81281.3, -1, -1, -1, -1, -1, -1, -1, -1, -1, -1, -1, -1, -1, 0, 0, 0, -1, 0, 0, 0, -1, 0
81448.1, -1, -1, -1, -1, -1, -1, -1, -1, -1, -1, -1, -1, -1, 0, 0, 0, -1, 0, 0, 0, -1, 0
81614.9, -1, -1, -1, -1, -1, -1, -1, -1, -1, -1, -1, -1, -1, 0, 0, 0, -1, 0, 0, 0, -1, 0
81781.8, -1, -1, -1, -1, -1, -1, -1, -1, -1, -1, -1, -1, -1, 0, 0, 0, -1, 0, 0, 0, -1, 0
81948.6, -1, -1, -1, -1, -1, -1, -1, -1, -1, -1, -1, -1, -1, 0, 0, 0, -1, 0, 0, 0, -1, 0
82115.4, -1, -1, -1, -1, -1, -1, -1, -1, -1, -1, -1, -1, -1, 0, 0, 0, -1, 0, 0, 0, -1, 0
82282.3, -1, -1, -1, -1, -1, -1, -1, -1, -1, -1, -1, -1, -1, 0, 0, 0, -1, 0, 0, 0, -1, 0
82449.1, -1, -1, -1, -1, -1, -1, -1, -1, -1, -1, -1, -1, -1, 0, 0, 0, -1, 0, 0, 0, -1, 0
82615.9, -1, -1, -1, -1, -1, -1, -1, -1, -1, -1, -1, -1, -1, 0, 0, 0, -1, 0, 0, 0, -1, 0
82782.8, -1, -1, -1, -1, -1, -1, -1, -1, -1, -1, -1, -1, -1, 0, 0, 0, -1, 0, 0, 0, -1, 0
82949.6, -1, -1, -1, -1, -1, -1, -1, -1, -1, -1, -1, -1, -1, 0, 0, 0, -1, 0, 0, 0, -1, 0
83116.4, -1, -1, -1, -1, -1, -1, -1, -1, -1, -1, -1, -1, -1, 0, 0, 0, -1, 0, 0, 0, -1, 0
83283.3, -1, -1, -1, -1, -1, -1, -1, -1, -1, -1, -1, -1, -1, 0, 0, 0, -1, 0, 0, 0, -1, 0
83450.1, -1, -1, -1, -1, -1, -1, -1, -1, -1, -1, -1, -1, -1, 0, 0, 0, -1, 0, 0, 0, -1, 0
83617, -1, -1, -1, -1, -1, -1, -1, -1, -1, -1, -1, -1, -1, 0, 0, 0, -1, 0, 0, 0, -1, 0
83783.8, -1, -1, -1, -1, -1, -1, -1, -1, -1, -1, -1, -1, -1, 0, 0, 0, -1, 0, 0, 0, -1, 0
83950.6, -1, -1, -1, -1, -1, -1, -1, -1, -1, -1, -1, -1, -1, 0, 0, 0, -1, 0, 0, 0, -1, 0
84117.5, -1, -1, -1, -1, -1, -1, -1, -1, -1, -1, -1, -1, -1, 0, 0, 0, -1, 0, 0, 0, -1, 0
84284.3, -1, -1, -1, -1, -1, -1, -1, -1, -1, -1, -1, -1, -1, 0, 0, 0, -1, 0, 0, 0, -1, 0
84451.1, -1, -1, -1, -1, -1, -1, -1, -1, -1, -1, -1, -1, -1, 0, 0, 0, -1, 0, 0, 0, -1, 0
84618, -1, -1, -1, -1, -1, -1, -1, -1, -1, -1, -1, -1, -1, 0, 0, 0, -1, 0, 0, 0, -1, 0
84784.8, -1, -1, -1, -1, -1, -1, -1, -1, -1, -1, -1, -1, -1, 0, 0, 0, -1, 0, 0, 0, -1, 0
84951.6, -1, -1, -1, -1, -1, -1, -1, -1, -1, -1, -1, -1, -1, 0, 0, 0, -1, 0, 0, 0, -1, 0
85118.5, -1, -1, -1, -1, -1, -1, -1, -1, -1, -1, -1, -1, -1, 0, 0, 0, -1, 0, 0, 0, -1, 0
85285.3, -1, -1, -1, -1, -1, -1, -1, -1, -1, -1, -1, -1, -1, 0, 0, 0, -1, 0, 0, 0, -1, 0
85452.1, -1, -1, -1, -1, -1, -1, -1, -1, -1, -1, -1, -1, -1, 0, 0, 0, -1, 0, 0, 0, -1, 0
85619, -1, -1, -1, -1, -1, -1, -1, -1, -1, -1, -1, -1, -1, 0, 0, 0, -1, 0, 0, 0, -1, 0
85785.8, -1, -1, -1, -1, -1, -1, -1, -1, -1, -1, -1, -1, -1, 0, 0, 0, -1, 0, 0, 0, -1, 0
85952.6, -1, -1, -1, -1, -1, -1, -1, -1, -1, -1, -1, -1, -1, 0, 0, 0, -1, 0, 0, 0, -1, 0
86119.5, -1, -1, -1, -1, -1, -1, -1, -1, -1, -1, -1, -1, -1, 0, 0, 0, -1, 0, 0, 0, -1, 0
86286.3, -1, -1, -1, -1, -1, -1, -1, -1, -1, -1, -1, -1, -1, 0, 0, 0, -1, 0, 0, 0, -1, 0
86453.1, -1, -1, -1, -1, -1, -1, -1, -1, -1, -1, -1, -1, -1, 0, 0, 0, -1, 0, 0, 0, -1, 0
86620, -1, -1, -1, -1, -1, -1, -1, -1, -1, -1, -1, -1, -1, 0, 0, 0, -1, 0, 0, 0, -1, 0
86786.8, -1, -1, -1, -1, -1, -1, -1, -1, -1, -1, -1, -1, -1, 0, 0, 0, -1, 0, 0, 0, -1, 0
86953.6, -1, -1, -1, -1, -1, -1, -1, -1, -1, -1, -1, -1, -1, 0, 0, 0, -1, 0, 0, 0, -1, 0
87120.5, -1, -1, -1, -1, -1, -1, -1, -1, -1, -1, -1, -1, -1, 0, 0, 0, -1, 0, 0, 0, -1, 0
87287.3, 0.0025073, -0.00225171, -0.00224102, 2.47214, 2.47212, 0.0213884, 0.0233852, 0.0579222, 0.173993, -1, -1, -1, -1, 0, 0, 0, -1, 0, 0, 0, -1, 0
87454.1, -0.0100232, -0.00608297, -0.0136882, 2.5414, 2.54137, 0.0242862, 0.0334083, 0.0640052, 0.187681, -1, -1, -1, -1, 0, 0, 0, -1, 0, 0, 0, -1, 0
87621, 0.000807382, -0.00310018, -0.00420715, 3.55091, 3.55087, 0.0327191, 0.032601, 0.0671053, 0.191889, -1, -1, -1, -1, 0, 0, 0, -1, 0, 0, 0, -1, 0
87787.8, 0.000844412, -0.00324235, -0.00440007, 8.25524, 8.2552, 0.0579244, 0.0317565, 0.0703477, 0.196289, -1, -1, -1, -1, 0, 0, 0, -1, 0, 0, 0, -1, 0
87954.6, -1, -1, -1, -1, -1, -1, -1, -1, -1, -1, -1, -1, -1, 0, 0, 0, -1, 0, 0, 0, -1, 0
88121.5, -1, -1, -1, -1, -1, -1, -1, -1, -1, -1, -1, -1, -1, 0, 0, 0, -1, 0, 0, 0, -1, 0
88288.3, -1, -1, -1, -1, -1, -1, -1, -1, -1, -1, -1, -1, -1, 0, 0, 0, -1, 0, 0, 0, -1, 0
88455.1, -1, -1, -1, -1, -1, -1, -1, -1, -1, -1, -1, -1, -1, 0, 0, 0, -1, 0, 0, 0, -1, 0
88622, -1, -1, -1, -1, -1, -1, -1, -1, -1, -1, -1, -1, -1, 0, 0, 0, -1, 0, 0, 0, -1, 0
88788.8, -1, -1, -1, -1, -1, -1, -1, -1, -1, -1, -1, -1, -1, 0, 0, 0, -1, 0, 0, 0, -1, 0
88955.6, -1, -1, -1, -1, -1, -1, -1, -1, -1, -1, -1, -1, -1, 0, 0, 0, -1, 0, 0, 0, -1, 0
89122.5, -1, -1, -1, -1, -1, -1, -1, -1, -1, -1, -1, -1, -1, 0, 0, 0, -1, 0, 0, 0, -1, 0
89289.3, -1, -1, -1, -1, -1, -1, -1, -1, -1, -1, -1, -1, -1, 0, 0, 0, -1, 0, 0, 0, -1, 0
89456.1, -1, -1, -1, -1, -1, -1, -1, -1, -1, -1, -1, -1, -1, 0, 0, 0, -1, 0, 0, 0, -1, 0
89623, -1, -1, -1, -1, -1, -1, -1, -1, -1, -1, -1, -1, -1, 0, 0, 0, -1, 0, 0, 0, -1, 0
89789.8, -1, -1, -1, -1, -1, -1, -1, -1, -1, -1, -1, -1, -1, 0, 0, 0, -1, 0, 0, 0, -1, 0
89956.6, -1, -1, -1, -1, -1, -1, -1, -1, -1, -1, -1, -1, -1, 0, 0, 0, -1, 0, 0, 0, -1, 0
90123.5, -1, -1, -1, -1, -1, -1, -1, -1, -1, -1, -1, -1, -1, 0, 0, 0, -1, 0, 0, 0, -1, 0
90290.3, -1, -1, -1, -1, -1, -1, -1, -1, -1, -1, -1, -1, -1, 0, 0, 0, -1, 0, 0, 0, -1, 0
90457.1, -1, -1, -1, -1, -1, -1, -1, -1, -1, -1, -1, -1, -1, 0, 0, 0, -1, 0, 0, 0, -1, 0
90624, -1, -1, -1, -1, -1, -1, -1, -1, -1, -1, -1, -1, -1, 0, 0, 0, -1, 0, 0, 0, -1, 0
90790.8, -1, -1, -1, -1, -1, -1, -1, -1, -1, -1, -1, -1, -1, 0, 0, 0, -1, 0, 0, 0, -1, 0
90957.6, -1, -1, -1, -1, -1, -1, -1, -1, -1, -1, -1, -1, -1, 0, 0, 0, -1, 0, 0, 0, -1, 0
91124.5, -1, -1, -1, -1, -1, -1, -1, -1, -1, -1, -1, -1, -1, 0, 0, 0, -1, 0, 0, 0, -1, 0
91291.3, -1, -1, -1, -1, -1, -1, -1, -1, -1, -1, -1, -1, -1, 0, 0, 0, -1, 0, 0, 0, -1, 0
91458.1, -1, -1, -1, -1, -1, -1, -1, -1, -1, -1, -1, -1, -1, 0, 0, 0, -1, 0, 0, 0, -1, 0
91625, -1, -1, -1, -1, -1, -1, -1, -1, -1, -1, -1, -1, -1, 0, 0, 0, -1, 0, 0, 0, -1, 0
91791.8, -1, -1, -1, -1, -1, -1, -1, -1, -1, -1, -1, -1, -1, 0, 0, 0, -1, 0, 0, 0, -1, 0
91958.6, -1, -1, -1, -1, -1, -1, -1, -1, -1, -1, -1, -1, -1, 0, 0, 0, -1, 0, 0, 0, -1, 0
92125.5, -1, -1, -1, -1, -1, -1, -1, -1, -1, -1, -1, -1, -1, 0, 0, 0, -1, 0, 0, 0, -1, 0
92292.3, -1, -1, -1, -1, -1, -1, -1, -1, -1, -1, -1, -1, -1, 0, 0, 0, -1, 0, 0, 0, -1, 0
92459.1, -1, -1, -1, -1, -1, -1, -1, -1, -1, -1, -1, -1, -1, 0, 0, 0, -1, 0, 0, 0, -1, 0
92626, -1, -1, -1, -1, -1, -1, -1, -1, -1, -1, -1, -1, -1, 0, 0, 0, -1, 0, 0, 0, -1, 0
92792.8, -1, -1, -1, -1, -1, -1, -1, -1, -1, -1, -1, -1, -1, 0, 0, 0, -1, 0, 0, 0, -1, 0
92959.6, -1, -1, -1, -1, -1, -1, -1, -1, -1, -1, -1, -1, -1, 0, 0, 0, -1, 0, 0, 0, -1, 0
93126.5, -1, -1, -1, -1, -1, -1, -1, -1, -1, -1, -1, -1, -1, 0, 0, 0, -1, 0, 0, 0, -1, 0
93293.3, -1, -1, -1, -1, -1, -1, -1, -1, -1, -1, -1, -1, -1, 0, 0, 0, -1, 0, 0, 0, -1, 0
93460.1, -1, -1, -1, -1, -1, -1, -1, -1, -1, -1, -1, -1, -1, 0, 0, 0, -1, 0, 0, 0, -1, 0
93627, -1, -1, -1, -1, -1, -1, -1, -1, -1, -1, -1, -1, -1, 0, 0, 0, -1, 0, 0, 0, -1, 0
93793.8, -1, -1, -1, -1, -1, -1, -1, -1, -1, -1, -1, -1, -1, 0, 0, 0, -1, 0, 0, 0, -1, 0
93960.6, -1, -1, -1, -1, -1, -1, -1, -1, -1, -1, -1, -1, -1, 0, 0, 0, -1, 0, 0, 0, -1, 0
94127.5, -1, -1, -1, -1, -1, -1, -1, -1, -1, -1, -1, -1, -1, 0, 0, 0, -1, 0, 0, 0, -1, 0
94294.3, -1, -1, -1, -1, -1, -1, -1, -1, -1, -1, -1, -1, -1, 0, 0, 0, -1, 0, 0, 0, -1, 0
94461.1, -1, -1, -1, -1, -1, -1, -1, -1, -1, -1, -1, -1, -1, 0, 0, 0, -1, 0, 0, 0, -1, 0
94628, -1, -1, -1, -1, -1, -1, -1, -1, -1, -1, -1, -1, -1, 0, 0, 0, -1, 0, 0, 0, -1, 0
94794.8, -1, -1, -1, -1, -1, -1, -1, -1, -1, -1, -1, -1, -1, 0, 0, 0, -1, 0, 0, 0, -1, 0
94961.6, -1, -1, -1, -1, -1, -1, -1, -1, -1, -1, -1, -1, -1, 0, 0, 0, -1, 0, 0, 0, -1, 0
95128.5, -1, -1, -1, -1, -1, -1, -1, -1, -1, -1, -1, -1, -1, 0, 0, 0, -1, 0, 0, 0, -1, 0
95295.3, -1, -1, -1, -1, -1, -1, -1, -1, -1, -1, -1, -1, -1, 0, 0, 0, -1, 0, 0, 0, -1, 0
95462.1, -1, -1, -1, -1, -1, -1, -1, -1, -1, -1, -1, -1, -1, 0, 0, 0, -1, 0, 0, 0, -1, 0
95629, -1, -1, -1, -1, -1, -1, -1, -1, -1, -1, -1, -1, -1, 0, 0, 0, -1, 0, 0, 0, -1, 0
95795.8, -1, -1, -1, -1, -1, -1, -1, -1, -1, -1, -1, -1, -1, 0, 0, 0, -1, 0, 0, 0, -1, 0
95962.6, -1, -1, -1, -1, -1, -1, -1, -1, -1, -1, -1, -1, -1, 0, 0, 0, -1, 0, 0, 0, -1, 0
96129.5, -1, -1, -1, -1, -1, -1, -1, -1, -1, -1, -1, -1, -1, 0, 0, 0, -1, 0, 0, 0, -1, 0
96296.3, -1, -1, -1, -1, -1, -1, -1, -1, -1, -1, -1, -1, -1, 0, 0, 0, -1, 0, 0, 0, -1, 0
96463.1, -1, -1, -1, -1, -1, -1, -1, -1, -1, -1, -1, -1, -1, 0, 0, 0, -1, 0, 0, 0, -1, 0
96630, -1, -1, -1, -1, -1, -1, -1, -1, -1, -1, -1, -1, -1, 0, 0, 0, -1, 0, 0, 0, -1, 0
96796.8, -1, -1, -1, -1, -1, -1, -1, -1, -1, -1, -1, -1, -1, 0, 0, 0, -1, 0, 0, 0, -1, 0
96963.6, -1, -1, -1, -1, -1, -1, -1, -1, -1, -1, -1, -1, -1, 0, 0, 0, -1, 0, 0, 0, -1, 0
97130.5, -1, -1, -1, -1, -1, -1, -1, -1, -1, -1, -1, -1, -1, 0, 0, 0, -1, 0, 0, 0, -1, 0
97297.3, -1, -1, -1, -1, -1, -1, -1, -1, -1, -1, -1, -1, -1, 0, 0, 0, -1, 0, 0, 0, -1, 0
97464.1, -1, -1, -1, -1, -1, -1, -1, -1, -1, -1, -1, -1, -1, 0, 0, 0, -1, 0, 0, 0, -1, 0
97631, -1, -1, -1, -1, -1, -1, -1, -1, -1, -1, -1, -1, -1, 0, 0, 0, -1, 0, 0, 0, -1, 0
97797.8, -1, -1, -1, -1, -1, -1, -1, -1, -1, -1, -1, -1, -1, 0, 0, 0, -1, 0, 0, 0, -1, 0
97964.6, -1, -1, -1, -1, -1, -1, -1, -1, -1, -1, -1, -1, -1, 0, 0, 0, -1, 0, 0, 0, -1, 0
98131.5, -1, -1, -1, -1, -1, -1, -1, -1, -1, -1, -1, -1, -1, 0, 0, 0, -1, 0, 0, 0, -1, 0
98298.3, -1, -1, -1, -1, -1, -1, -1, -1, -1, -1, -1, -1, -1, 0, 0, 0, -1, 0, 0, 0, -1, 0
98465.1, -1, -1, -1, -1, -1, -1, -1, -1, -1, -1, -1, -1, -1, 0, 0, 0, -1, 0, 0, 0, -1, 0
98632, -1, -1, -1, -1, -1, -1, -1, -1, -1, -1, -1, -1, -1, 0, 0, 0, -1, 0, 0, 0, -1, 0
98798.8, -1, -1, -1, -1, -1, -1, -1, -1, -1, -1, -1, -1, -1, 0, 0, 0, -1, 0, 0, 0, -1, 0
98965.6, -1, -1, -1, -1, -1, -1, -1, -1, -1, -1, -1, -1, -1, 0, 0, 0, -1, 0, 0, 0, -1, 0
99132.5, -1, -1, -1, -1, -1, -1, -1, -1, -1, -1, -1, -1, -1, 0, 0, 0, -1, 0, 0, 0, -1, 0
99299.3, -1, -1, -1, -1, -1, -1, -1, -1, -1, -1, -1, -1, -1, 0, 0, 0, -1, 0, 0, 0, -1, 0
99466.1, -1, -1, -1, -1, -1, -1, -1, -1, -1, -1, -1, -1, -1, 0, 0, 0, -1, 0, 0, 0, -1, 0
99633, -1, -1, -1, -1, -1, -1, -1, -1, -1, -1, -1, -1, -1, 0, 0, 0, -1, 0, 0, 0, -1, 0
99799.8, -1, -1, -1, -1, -1, -1, -1, -1, -1, -1, -1, -1, -1, 0, 0, 0, -1, 0, 0, 0, -1, 0
99966.6, -1, -1, -1, -1, -1, -1, -1, -1, -1, -1, -1, -1, -1, 0, 0, 0, -1, 0, 0, 0, -1, 0
100133, -1, -1, -1, -1, -1, -1, -1, -1, -1, -1, -1, -1, -1, 0, 0, 0, -1, 0, 0, 0, -1, 0
100300, -1, -1, -1, -1, -1, -1, -1, -1, -1, -1, -1, -1, -1, 0, 0, 0, -1, 0, 0, 0, -1, 0
100467, -1, -1, -1, -1, -1, -1, -1, -1, -1, -1, -1, -1, -1, 0, 0, 0, -1, 0, 0, 0, -1, 0
100634, -1, -1, -1, -1, -1, -1, -1, -1, -1, -1, -1, -1, -1, 0, 0, 0, -1, 0, 0, 0, -1, 0
100801, -1, -1, -1, -1, -1, -1, -1, -1, -1, -1, -1, -1, -1, 0, 0, 0, -1, 0, 0, 0, -1, 0
100968, -1, -1, -1, -1, -1, -1, -1, -1, -1, -1, -1, -1, -1, 0, 0, 0, -1, 0, 0, 0, -1, 0
101134, -1, -1, -1, -1, -1, -1, -1, -1, -1, -1, -1, -1, -1, 0, 0, 0, -1, 0, 0, 0, -1, 0
101301, -1, -1, -1, -1, -1, -1, -1, -1, -1, -1, -1, -1, -1, 0, 0, 0, -1, 0, 0, 0, -1, 0
101468, -1, -1, -1, -1, -1, -1, -1, -1, -1, -1, -1, -1, -1, 0, 0, 0, -1, 0, 0, 0, -1, 0
101635, -1, -1, -1, -1, -1, -1, -1, -1, -1, -1, -1, -1, -1, 0, 0, 0, -1, 0, 0, 0, -1, 0
101802, -1, -1, -1, -1, -1, -1, -1, -1, -1, -1, -1, -1, -1, 0, 0, 0, -1, 0, 0, 0, -1, 0
101969, -1, -1, -1, -1, -1, -1, -1, -1, -1, -1, -1, -1, -1, 0, 0, 0, -1, 0, 0, 0, -1, 0
102135, -1, -1, -1, -1, -1, -1, -1, -1, -1, -1, -1, -1, -1, 0, 0, 0, -1, 0, 0, 0, -1, 0
102302, -1, -1, -1, -1, -1, -1, -1, -1, -1, -1, -1, -1, -1, 0, 0, 0, -1, 0, 0, 0, -1, 0
102469, -1, -1, -1, -1, -1, -1, -1, -1, -1, -1, -1, -1, -1, 0, 0, 0, -1, 0, 0, 0, -1, 0
102636, -1, -1, -1, -1, -1, -1, -1, -1, -1, -1, -1, -1, -1, 0, 0, 0, -1, 0, 0, 0, -1, 0
102803, -1, -1, -1, -1, -1, -1, -1, -1, -1, -1, -1, -1, -1, 0, 0, 0, -1, 0, 0, 0, -1, 0
102970, -1, -1, -1, -1, -1, -1, -1, -1, -1, -1, -1, -1, -1, 0, 0, 0, -1, 0, 0, 0, -1, 0
103136, -1, -1, -1, -1, -1, -1, -1, -1, -1, -1, -1, -1, -1, 0, 0, 0, -1, 0, 0, 0, -1, 0
103303, -1, -1, -1, -1, -1, -1, -1, -1, -1, -1, -1, -1, -1, 0, 0, 0, -1, 0, 0, 0, -1, 0
103470, -1, -1, -1, -1, -1, -1, -1, -1, -1, -1, -1, -1, -1, 0, 0, 0, -1, 0, 0, 0, -1, 0
103637, -1, -1, -1, -1, -1, -1, -1, -1, -1, -1, -1, -1, -1, 0, 0, 0, -1, 0, 0, 0, -1, 0
103804, -1, -1, -1, -1, -1, -1, -1, -1, -1, -1, -1, -1, -1, 0, 0, 0, -1, 0, 0, 0, -1, 0
103971, -1, -1, -1, -1, -1, -1, -1, -1, -1, -1, -1, -1, -1, 0, 0, 0, -1, 0, 0, 0, -1, 0
104137, -1, -1, -1, -1, -1, -1, -1, -1, -1, -1, -1, -1, -1, 0, 0, 0, -1, 0, 0, 0, -1, 0
104304, -1, -1, -1, -1, -1, -1, -1, -1, -1, -1, -1, -1, -1, 0, 0, 0, -1, 0, 0, 0, -1, 0
104471, -1, -1, -1, -1, -1, -1, -1, -1, -1, -1, -1, -1, -1, 0, 0, 0, -1, 0, 0, 0, -1, 0
104638, -1, -1, -1, -1, -1, -1, -1, -1, -1, -1, -1, -1, -1, 0, 0, 0, -1, 0, 0, 0, -1, 0
104805, -1, -1, -1, -1, -1, -1, -1, -1, -1, -1, -1, -1, -1, 0, 0, 0, -1, 0, 0, 0, -1, 0
104972, -1, -1, -1, -1, -1, -1, -1, -1, -1, -1, -1, -1, -1, 0, 0, 0, -1, 0, 0, 0, -1, 0
105138, -1, -1, -1, -1, -1, -1, -1, -1, -1, -1, -1, -1, -1, 0, 0, 0, -1, 0, 0, 0, -1, 0
105305, -1, -1, -1, -1, -1, -1, -1, -1, -1, -1, -1, -1, -1, 0, 0, 0, -1, 0, 0, 0, -1, 0
105472, -1, -1, -1, -1, -1, -1, -1, -1, -1, -1, -1, -1, -1, 0, 0, 0, -1, 0, 0, 0, -1, 0
105639, -1, -1, -1, -1, -1, -1, -1, -1, -1, -1, -1, -1, -1, 0, 0, 0, -1, 0, 0, 0, -1, 0
105806, -1, -1, -1, -1, -1, -1, -1, -1, -1, -1, -1, -1, -1, 0, 0, 0, -1, 0, 0, 0, -1, 0
105973, -1, -1, -1, -1, -1, -1, -1, -1, -1, -1, -1, -1, -1, 0, 0, 0, -1, 0, 0, 0, -1, 0
106139, -1, -1, -1, -1, -1, -1, -1, -1, -1, -1, -1, -1, -1, 0, 0, 0, -1, 0, 0, 0, -1, 0
106306, -1, -1, -1, -1, -1, -1, -1, -1, -1, -1, -1, -1, -1, 0, 0, 0, -1, 0, 0, 0, -1, 0
106473, -1, -1, -1, -1, -1, -1, -1, -1, -1, -1, -1, -1, -1, 0, 0, 0, -1, 0, 0, 0, -1, 0
106640, -1, -1, -1, -1, -1, -1, -1, -1, -1, -1, -1, -1, -1, 0, 0, 0, -1, 0, 0, 0, -1, 0
106807, -1, -1, -1, -1, -1, -1, -1, -1, -1, -1, -1, -1, -1, 0, 0, 0, -1, 0, 0, 0, -1, 0
106974, -1, -1, -1, -1, -1, -1, -1, -1, -1, -1, -1, -1, -1, 0, 0, 0, -1, 0, 0, 0, -1, 0
107140, -1, -1, -1, -1, -1, -1, -1, -1, -1, -1, -1, -1, -1, 0, 0, 0, -1, 0, 0, 0, -1, 0
107307, -1, -1, -1, -1, -1, -1, -1, -1, -1, -1, -1, -1, -1, 0, 0, 0, -1, 0, 0, 0, -1, 0
107474, -1, -1, -1, -1, -1, -1, -1, -1, -1, -1, -1, -1, -1, 0, 0, 0, -1, 0, 0, 0, -1, 0
107641, -1, -1, -1, -1, -1, -1, -1, -1, -1, -1, -1, -1, -1, 0, 0, 0, -1, 0, 0, 0, -1, 0
107808, -1, -1, -1, -1, -1, -1, -1, -1, -1, -1, -1, -1, -1, 0, 0, 0, -1, 0, 0, 0, -1, 0
107975, -1, -1, -1, -1, -1, -1, -1, -1, -1, -1, -1, -1, -1, 0, 0, 0, -1, 0, 0, 0, -1, 0
108141, -1, -1, -1, -1, -1, -1, -1, -1, -1, -1, -1, -1, -1, 0, 0, 0, -1, 0, 0, 0, -1, 0
108308, -1, -1, -1, -1, -1, -1, -1, -1, -1, -1, -1, -1, -1, 0, 0, 0, -1, 0, 0, 0, -1, 0
108475, -1, -1, -1, -1, -1, -1, -1, -1, -1, -1, -1, -1, -1, 0, 0, 0, -1, 0, 0, 0, -1, 0
108642, -1, -1, -1, -1, -1, -1, -1, -1, -1, -1, -1, -1, -1, 0, 0, 0, -1, 0, 0, 0, -1, 0
108809, -1, -1, -1, -1, -1, -1, -1, -1, -1, -1, -1, -1, -1, 0, 0, 0, -1, 0, 0, 0, -1, 0
108976, -1, -1, -1, -1, -1, -1, -1, -1, -1, -1, -1, -1, -1, 0, 0, 0, -1, 0, 0, 0, -1, 0
109142, -1, -1, -1, -1, -1, -1, -1, -1, -1, -1, -1, -1, -1, 0, 0, 0, -1, 0, 0, 0, -1, 0
109309, -1, -1, -1, -1, -1, -1, -1, -1, -1, -1, -1, -1, -1, 0, 0, 0, -1, 0, 0, 0, -1, 0
109476, -1, -1, -1, -1, -1, -1, -1, -1, -1, -1, -1, -1, -1, 0, 0, 0, -1, 0, 0, 0, -1, 0
109643, -1, -1, -1, -1, -1, -1, -1, -1, -1, -1, -1, -1, -1, 0, 0, 0, -1, 0, 0, 0, -1, 0
109810, -1, -1, -1, -1, -1, -1, -1, -1, -1, -1, -1, -1, -1, 0, 0, 0, -1, 0, 0, 0, -1, 0
109977, -1, -1, -1, -1, -1, -1, -1, -1, -1, -1, -1, -1, -1, 0, 0, 0, -1, 0, 0, 0, -1, 0
110143, -1, -1, -1, -1, -1, -1, -1, -1, -1, -1, -1, -1, -1, 0, 0, 0, -1, 0, 0, 0, -1, 0
110310, -1, -1, -1, -1, -1, -1, -1, -1, -1, -1, -1, -1, -1, 0, 0, 0, -1, 0, 0, 0, -1, 0
110477, -1, -1, -1, -1, -1, -1, -1, -1, -1, -1, -1, -1, -1, 0, 0, 0, -1, 0, 0, 0, -1, 0
110644, -1, -1, -1, -1, -1, -1, -1, -1, -1, -1, -1, -1, -1, 0, 0, 0, -1, 0, 0, 0, -1, 0
110811, -1, -1, -1, -1, -1, -1, -1, -1, -1, -1, -1, -1, -1, 0, 0, 0, -1, 0, 0, 0, -1, 0
110978, -1, -1, -1, -1, -1, -1, -1, -1, -1, -1, -1, -1, -1, 0, 0, 0, -1, 0, 0, 0, -1, 0
111144, -1, -1, -1, -1, -1, -1, -1, -1, -1, -1, -1, -1, -1, 0, 0, 0, -1, 0, 0, 0, -1, 0
111311, -1, -1, -1, -1, -1, -1, -1, -1, -1, -1, -1, -1, -1, 0, 0, 0, -1, 0, 0, 0, -1, 0
111478, -1, -1, -1, -1, -1, -1, -1, -1, -1, -1, -1, -1, -1, 0, 0, 0, -1, 0, 0, 0, -1, 0
111645, -1, -1, -1, -1, -1, -1, -1, -1, -1, -1, -1, -1, -1, 0, 0, 0, -1, 0, 0, 0, -1, 0
111812, -1, -1, -1, -1, -1, -1, -1, -1, -1, -1, -1, -1, -1, 0, 0, 0, -1, 0, 0, 0, -1, 0
111979, -1, -1, -1, -1, -1, -1, -1, -1, -1, -1, -1, -1, -1, 0, 0, 0, -1, 0, 0, 0, -1, 0
112145, -1, -1, -1, -1, -1, -1, -1, -1, -1, -1, -1, -1, -1, 0, 0, 0, -1, 0, 0, 0, -1, 0
112312, -1, -1, -1, -1, -1, -1, -1, -1, -1, -1, -1, -1, -1, 0, 0, 0, -1, 0, 0, 0, -1, 0
112479, -1, -1, -1, -1, -1, -1, -1, -1, -1, -1, -1, -1, -1, 0, 0, 0, -1, 0, 0, 0, -1, 0
112646, -1, -1, -1, -1, -1, -1, -1, -1, -1, -1, -1, -1, -1, 0, 0, 0, -1, 0, 0, 0, -1, 0
112813, -1, -1, -1, -1, -1, -1, -1, -1, -1, -1, -1, -1, -1, 0, 0, 0, -1, 0, 0, 0, -1, 0
112980, -1, -1, -1, -1, -1, -1, -1, -1, -1, -1, -1, -1, -1, 0, 0, 0, -1, 0, 0, 0, -1, 0
113146, -1, -1, -1, -1, -1, -1, -1, -1, -1, -1, -1, -1, -1, 0, 0, 0, -1, 0, 0, 0, -1, 0
113313, -1, -1, -1, -1, -1, -1, -1, -1, -1, -1, -1, -1, -1, 0, 0, 0, -1, 0, 0, 0, -1, 0
113480, -1, -1, -1, -1, -1, -1, -1, -1, -1, -1, -1, -1, -1, 0, 0, 0, -1, 0, 0, 0, -1, 0
113647, -1, -1, -1, -1, -1, -1, -1, -1, -1, -1, -1, -1, -1, 0, 0, 0, -1, 0, 0, 0, -1, 0
113814, -1, -1, -1, -1, -1, -1, -1, -1, -1, -1, -1, -1, -1, 0, 0, 0, -1, 0, 0, 0, -1, 0
113981, -1, -1, -1, -1, -1, -1, -1, -1, -1, -1, -1, -1, -1, 0, 0, 0, -1, 0, 0, 0, -1, 0
114147, -1, -1, -1, -1, -1, -1, -1, -1, -1, -1, -1, -1, -1, 0, 0, 0, -1, 0, 0, 0, -1, 0
114314, -1, -1, -1, -1, -1, -1, -1, -1, -1, -1, -1, -1, -1, 0, 0, 0, -1, 0, 0, 0, -1, 0
114481, -1, -1, -1, -1, -1, -1, -1, -1, -1, -1, -1, -1, -1, 0, 0, 0, -1, 0, 0, 0, -1, 0
114648, -1, -1, -1, -1, -1, -1, -1, -1, -1, -1, -1, -1, -1, 0, 0, 0, -1, 0, 0, 0, -1, 0
114815, -1, -1, -1, -1, -1, -1, -1, -1, -1, -1, -1, -1, -1, 0, 0, 0, -1, 0, 0, 0, -1, 0
114982, -1, -1, -1, -1, -1, -1, -1, -1, -1, -1, -1, -1, -1, 0, 0, 0, -1, 0, 0, 0, -1, 0
115148, -1, -1, -1, -1, -1, -1, -1, -1, -1, -1, -1, -1, -1, 0, 0, 0, -1, 0, 0, 0, -1, 0
115315, -1, -1, -1, -1, -1, -1, -1, -1, -1, -1, -1, -1, -1, 0, 0, 0, -1, 0, 0, 0, -1, 0
115482, -1, -1, -1, -1, -1, -1, -1, -1, -1, -1, -1, -1, -1, 0, 0, 0, -1, 0, 0, 0, -1, 0
115649, -1, -1, -1, -1, -1, -1, -1, -1, -1, -1, -1, -1, -1, 0, 0, 0, -1, 0, 0, 0, -1, 0
115816, -1, -1, -1, -1, -1, -1, -1, -1, -1, -1, -1, -1, -1, 0, 0, 0, -1, 0, 0, 0, -1, 0
115983, -1, -1, -1, -1, -1, -1, -1, -1, -1, -1, -1, -1, -1, 0, 0, 0, -1, 0, 0, 0, -1, 0
116149, -1, -1, -1, -1, -1, -1, -1, -1, -1, -1, -1, -1, -1, 0, 0, 0, -1, 0, 0, 0, -1, 0
116316, -1, -1, -1, -1, -1, -1, -1, -1, -1, -1, -1, -1, -1, 0, 0, 0, -1, 0, 0, 0, -1, 0
116483, -1, -1, -1, -1, -1, -1, -1, -1, -1, -1, -1, -1, -1, 0, 0, 0, -1, 0, 0, 0, -1, 0
116650, -1, -1, -1, -1, -1, -1, -1, -1, -1, -1, -1, -1, -1, 0, 0, 0, -1, 0, 0, 0, -1, 0
116817, -1, -1, -1, -1, -1, -1, -1, -1, -1, -1, -1, -1, -1, 0, 0, 0, -1, 0, 0, 0, -1, 0
116984, -1, -1, -1, -1, -1, -1, -1, -1, -1, -1, -1, -1, -1, 0, 0, 0, -1, 0, 0, 0, -1, 0
117150, -1, -1, -1, -1, -1, -1, -1, -1, -1, -1, -1, -1, -1, 0, 0, 0, -1, 0, 0, 0, -1, 0
117317, -1, -1, -1, -1, -1, -1, -1, -1, -1, -1, -1, -1, -1, 0, 0, 0, -1, 0, 0, 0, -1, 0
117484, -1, -1, -1, -1, -1, -1, -1, -1, -1, -1, -1, -1, -1, 0, 0, 0, -1, 0, 0, 0, -1, 0
117651, -1, -1, -1, -1, -1, -1, -1, -1, -1, -1, -1, -1, -1, 0, 0, 0, -1, 0, 0, 0, -1, 0
117818, -1, -1, -1, -1, -1, -1, -1, -1, -1, -1, -1, -1, -1, 0, 0, 0, -1, 0, 0, 0, -1, 0
117985, -1, -1, -1, -1, -1, -1, -1, -1, -1, -1, -1, -1, -1, 0, 0, 0, -1, 0, 0, 0, -1, 0
118151, -1, -1, -1, -1, -1, -1, -1, -1, -1, -1, -1, -1, -1, 0, 0, 0, -1, 0, 0, 0, -1, 0
118318, -1, -1, -1, -1, -1, -1, -1, -1, -1, -1, -1, -1, -1, 0, 0, 0, -1, 0, 0, 0, -1, 0
118485, -1, -1, -1, -1, -1, -1, -1, -1, -1, -1, -1, -1, -1, 0, 0, 0, -1, 0, 0, 0, -1, 0
118652, -1, -1, -1, -1, -1, -1, -1, -1, -1, -1, -1, -1, -1, 0, 0, 0, -1, 0, 0, 0, -1, 0
118819, -1, -1, -1, -1, -1, -1, -1, -1, -1, -1, -1, -1, -1, 0, 0, 0, -1, 0, 0, 0, -1, 0
118986, -1, -1, -1, -1, -1, -1, -1, -1, -1, -1, -1, -1, -1, 0, 0, 0, -1, 0, 0, 0, -1, 0
119152, -1, -1, -1, -1, -1, -1, -1, -1, -1, -1, -1, -1, -1, 0, 0, 0, -1, 0, 0, 0, -1, 0
119319, -1, -1, -1, -1, -1, -1, -1, -1, -1, -1, -1, -1, -1, 0, 0, 0, -1, 0, 0, 0, -1, 0
119486, -1, -1, -1, -1, -1, -1, -1, -1, -1, -1, -1, -1, -1, 0, 0, 0, -1, 0, 0, 0, -1, 0
119653, -1, -1, -1, -1, -1, -1, -1, -1, -1, -1, -1, -1, -1, 0, 0, 0, -1, 0, 0, 0, -1, 0
119820, -1, -1, -1, -1, -1, -1, -1, -1, -1, -1, -1, -1, -1, 0, 0, 0, -1, 0, 0, 0, -1, 0
119987, -1, -1, -1, -1, -1, -1, -1, -1, -1, -1, -1, -1, -1, 0, 0, 0, -1, 0, 0, 0, -1, 0
120153, -1, -1, -1, -1, -1, -1, -1, -1, -1, -1, -1, -1, -1, 0, 0, 0, -1, 0, 0, 0, -1, 0
120320, -1, -1, -1, -1, -1, -1, -1, -1, -1, -1, -1, -1, -1, 0, 0, 0, -1, 0, 0, 0, -1, 0
120487, -1, -1, -1, -1, -1, -1, -1, -1, -1, -1, -1, -1, -1, 0, 0, 0, -1, 0, 0, 0, -1, 0
120654, -1, -1, -1, -1, -1, -1, -1, -1, -1, -1, -1, -1, -1, 0, 0, 0, -1, 0, 0, 0, -1, 0
120821, -1, -1, -1, -1, -1, -1, -1, -1, -1, -1, -1, -1, -1, 0, 0, 0, -1, 0, 0, 0, -1, 0
120988, -1, -1, -1, -1, -1, -1, -1, -1, -1, -1, -1, -1, -1, 0, 0, 0, -1, 0, 0, 0, -1, 0
121154, -1, -1, -1, -1, -1, -1, -1, -1, -1, -1, -1, -1, -1, 0, 0, 0, -1, 0, 0, 0, -1, 0
121321, -1, -1, -1, -1, -1, -1, -1, -1, -1, -1, -1, -1, -1, 0, 0, 0, -1, 0, 0, 0, -1, 0
121488, -1, -1, -1, -1, -1, -1, -1, -1, -1, -1, -1, -1, -1, 0, 0, 0, -1, 0, 0, 0, -1, 0
121655, -1, -1, -1, -1, -1, -1, -1, -1, -1, -1, -1, -1, -1, 0, 0, 0, -1, 0, 0, 0, -1, 0
121822, -1, -1, -1, -1, -1, -1, -1, -1, -1, -1, -1, -1, -1, 0, 0, 0, -1, 0, 0, 0, -1, 0
121989, -1, -1, -1, -1, -1, -1, -1, -1, -1, -1, -1, -1, -1, 0, 0, 0, -1, 0, 0, 0, -1, 0
122155, -1, -1, -1, -1, -1, -1, -1, -1, -1, -1, -1, -1, -1, 0, 0, 0, -1, 0, 0, 0, -1, 0
122322, -1, -1, -1, -1, -1, -1, -1, -1, -1, -1, -1, -1, -1, 0, 0, 0, -1, 0, 0, 0, -1, 0
122489, -1, -1, -1, -1, -1, -1, -1, -1, -1, -1, -1, -1, -1, 0, 0, 0, -1, 0, 0, 0, -1, 0
122656, -1, -1, -1, -1, -1, -1, -1, -1, -1, -1, -1, -1, -1, 0, 0, 0, -1, 0, 0, 0, -1, 0
122823, -1, -1, -1, -1, -1, -1, -1, -1, -1, -1, -1, -1, -1, 0, 0, 0, -1, 0, 0, 0, -1, 0
122990, -1, -1, -1, -1, -1, -1, -1, -1, -1, -1, -1, -1, -1, 0, 0, 0, -1, 0, 0, 0, -1, 0
123156, -1, -1, -1, -1, -1, -1, -1, -1, -1, -1, -1, -1, -1, 0, 0, 0, -1, 0, 0, 0, -1, 0
123323, -1, -1, -1, -1, -1, -1, -1, -1, -1, -1, -1, -1, -1, 0, 0, 0, -1, 0, 0, 0, -1, 0
123490, -1, -1, -1, -1, -1, -1, -1, -1, -1, -1, -1, -1, -1, 0, 0, 0, -1, 0, 0, 0, -1, 0
123657, -1, -1, -1, -1, -1, -1, -1, -1, -1, -1, -1, -1, -1, 0, 0, 0, -1, 0, 0, 0, -1, 0
123824, -1, -1, -1, -1, -1, -1, -1, -1, -1, -1, -1, -1, -1, 0, 0, 0, -1, 0, 0, 0, -1, 0
123991, -1, -1, -1, -1, -1, -1, -1, -1, -1, -1, -1, -1, -1, 0, 0, 0, -1, 0, 0, 0, -1, 0
124157, -1, -1, -1, -1, -1, -1, -1, -1, -1, -1, -1, -1, -1, 0, 0, 0, -1, 0, 0, 0, -1, 0
124324, -1, -1, -1, -1, -1, -1, -1, -1, -1, -1, -1, -1, -1, 0, 0, 0, -1, 0, 0, 0, -1, 0
124491, -1, -1, -1, -1, -1, -1, -1, -1, -1, -1, -1, -1, -1, 0, 0, 0, -1, 0, 0, 0, -1, 0
124658, -1, -1, -1, -1, -1, -1, -1, -1, -1, -1, -1, -1, -1, 0, 0, 0, -1, 0, 0, 0, -1, 0
124825, -1, -1, -1, -1, -1, -1, -1, -1, -1, -1, -1, -1, -1, 0, 0, 0, -1, 0, 0, 0, -1, 0
124992, -1, -1, -1, -1, -1, -1, -1, -1, -1, -1, -1, -1, -1, 0, 0, 0, -1, 0, 0, 0, -1, 0
125158, -1, -1, -1, -1, -1, -1, -1, -1, -1, -1, -1, -1, -1, 0, 0, 0, -1, 0, 0, 0, -1, 0
125325, -1, -1, -1, -1, -1, -1, -1, -1, -1, -1, -1, -1, -1, 0, 0, 0, -1, 0, 0, 0, -1, 0
125492, -1, -1, -1, -1, -1, -1, -1, -1, -1, -1, -1, -1, -1, 0, 0, 0, -1, 0, 0, 0, -1, 0
125659, -1, -1, -1, -1, -1, -1, -1, -1, -1, -1, -1, -1, -1, 0, 0, 0, -1, 0, 0, 0, -1, 0
125826, -1, -1, -1, -1, -1, -1, -1, -1, -1, -1, -1, -1, -1, 0, 0, 0, -1, 0, 0, 0, -1, 0
125993, -1, -1, -1, -1, -1, -1, -1, -1, -1, -1, -1, -1, -1, 0, 0, 0, -1, 0, 0, 0, -1, 0
126159, -1, -1, -1, -1, -1, -1, -1, -1, -1, -1, -1, -1, -1, 0, 0, 0, -1, 0, 0, 0, -1, 0
126326, -1, -1, -1, -1, -1, -1, -1, -1, -1, -1, -1, -1, -1, 0, 0, 0, -1, 0, 0, 0, -1, 0
126493, -1, -1, -1, -1, -1, -1, -1, -1, -1, -1, -1, -1, -1, 0, 0, 0, -1, 0, 0, 0, -1, 0
126660, -1, -1, -1, -1, -1, -1, -1, -1, -1, -1, -1, -1, -1, 0, 0, 0, -1, 0, 0, 0, -1, 0
126827, -1, -1, -1, -1, -1, -1, -1, -1, -1, -1, -1, -1, -1, 0, 0, 0, -1, 0, 0, 0, -1, 0
126994, -1, -1, -1, -1, -1, -1, -1, -1, -1, -1, -1, -1, -1, 0, 0, 0, -1, 0, 0, 0, -1, 0
127160, -1, -1, -1, -1, -1, -1, -1, -1, -1, -1, -1, -1, -1, 0, 0, 0, -1, 0, 0, 0, -1, 0
127327, -1, -1, -1, -1, -1, -1, -1, -1, -1, -1, -1, -1, -1, 0, 0, 0, -1, 0, 0, 0, -1, 0
127494, -1, -1, -1, -1, -1, -1, -1, -1, -1, -1, -1, -1, -1, 0, 0, 0, -1, 0, 0, 0, -1, 0
127661, -1, -1, -1, -1, -1, -1, -1, -1, -1, -1, -1, -1, -1, 0, 0, 0, -1, 0, 0, 0, -1, 0
127828, -1, -1, -1, -1, -1, -1, -1, -1, -1, -1, -1, -1, -1, 0, 0, 0, -1, 0, 0, 0, -1, 0
127995, -1, -1, -1, -1, -1, -1, -1, -1, -1, -1, -1, -1, -1, 0, 0, 0, -1, 0, 0, 0, -1, 0
128161, -1, -1, -1, -1, -1, -1, -1, -1, -1, -1, -1, -1, -1, 0, 0, 0, -1, 0, 0, 0, -1, 0
128328, -1, -1, -1, -1, -1, -1, -1, -1, -1, -1, -1, -1, -1, 0, 0, 0, -1, 0, 0, 0, -1, 0
128495, -1, -1, -1, -1, -1, -1, -1, -1, -1, -1, -1, -1, -1, 0, 0, 0, -1, 0, 0, 0, -1, 0
128662, -1, -1, -1, -1, -1, -1, -1, -1, -1, -1, -1, -1, -1, 0, 0, 0, -1, 0, 0, 0, -1, 0
128829, -1, -1, -1, -1, -1, -1, -1, -1, -1, -1, -1, -1, -1, 0, 0, 0, -1, 0, 0, 0, -1, 0
128996, -1, -1, -1, -1, -1, -1, -1, -1, -1, -1, -1, -1, -1, 0, 0, 0, -1, 0, 0, 0, -1, 0
129162, -1, -1, -1, -1, -1, -1, -1, -1, -1, -1, -1, -1, -1, 0, 0, 0, -1, 0, 0, 0, -1, 0
129329, -1, -1, -1, -1, -1, -1, -1, -1, -1, -1, -1, -1, -1, 0, 0, 0, -1, 0, 0, 0, -1, 0
129496, -1, -1, -1, -1, -1, -1, -1, -1, -1, -1, -1, -1, -1, 0, 0, 0, -1, 0, 0, 0, -1, 0
129663, -1, -1, -1, -1, -1, -1, -1, -1, -1, -1, -1, -1, -1, 0, 0, 0, -1, 0, 0, 0, -1, 0
129830, -1, -1, -1, -1, -1, -1, -1, -1, -1, -1, -1, -1, -1, 0, 0, 0, -1, 0, 0, 0, -1, 0
129997, -1, -1, -1, -1, -1, -1, -1, -1, -1, -1, -1, -1, -1, 0, 0, 0, -1, 0, 0, 0, -1, 0
130163, -1, -1, -1, -1, -1, -1, -1, -1, -1, -1, -1, -1, -1, 0, 0, 0, -1, 0, 0, 0, -1, 0
130330, -1, -1, -1, -1, -1, -1, -1, -1, -1, -1, -1, -1, -1, 0, 0, 0, -1, 0, 0, 0, -1, 0
130497, -1, -1, -1, -1, -1, -1, -1, -1, -1, -1, -1, -1, -1, 0, 0, 0, -1, 0, 0, 0, -1, 0
130664, -1, -1, -1, -1, -1, -1, -1, -1, -1, -1, -1, -1, -1, 0, 0, 0, -1, 0, 0, 0, -1, 0
130831, -1, -1, -1, -1, -1, -1, -1, -1, -1, -1, -1, -1, -1, 0, 0, 0, -1, 0, 0, 0, -1, 0
130998, -1, -1, -1, -1, -1, -1, -1, -1, -1, -1, -1, -1, -1, 0, 0, 0, -1, 0, 0, 0, -1, 0
131164, -1, -1, -1, -1, -1, -1, -1, -1, -1, -1, -1, -1, -1, 0, 0, 0, -1, 0, 0, 0, -1, 0
131331, -1, -1, -1, -1, -1, -1, -1, -1, -1, -1, -1, -1, -1, 0, 0, 0, -1, 0, 0, 0, -1, 0
131498, -1, -1, -1, -1, -1, -1, -1, -1, -1, -1, -1, -1, -1, 0, 0, 0, -1, 0, 0, 0, -1, 0
131665, -1, -1, -1, -1, -1, -1, -1, -1, -1, -1, -1, -1, -1, 0, 0, 0, -1, 0, 0, 0, -1, 0
131832, -1, -1, -1, -1, -1, -1, -1, -1, -1, -1, -1, -1, -1, 0, 0, 0, -1, 0, 0, 0, -1, 0
131999, -1, -1, -1, -1, -1, -1, -1, -1, -1, -1, -1, -1, -1, 0, 0, 0, -1, 0, 0, 0, -1, 0
132165, -1, -1, -1, -1, -1, -1, -1, -1, -1, -1, -1, -1, -1, 0, 0, 0, -1, 0, 0, 0, -1, 0
132332, -1, -1, -1, -1, -1, -1, -1, -1, -1, -1, -1, -1, -1, 0, 0, 0, -1, 0, 0, 0, -1, 0
132499, -1, -1, -1, -1, -1, -1, -1, -1, -1, -1, -1, -1, -1, 0, 0, 0, -1, 0, 0, 0, -1, 0
132666, -1, -1, -1, -1, -1, -1, -1, -1, -1, -1, -1, -1, -1, 0, 0, 0, -1, 0, 0, 0, -1, 0
132833, -1, -1, -1, -1, -1, -1, -1, -1, -1, -1, -1, -1, -1, 0, 0, 0, -1, 0, 0, 0, -1, 0
133000, -1, -1, -1, -1, -1, -1, -1, -1, -1, -1, -1, -1, -1, 0, 0, 0, -1, 0, 0, 0, -1, 0
133166, -1, -1, -1, -1, -1, -1, -1, -1, -1, -1, -1, -1, -1, 0, 0, 0, -1, 0, 0, 0, -1, 0
133333, -1, -1, -1, -1, -1, -1, -1, -1, -1, -1, -1, -1, -1, 0, 0, 0, -1, 0, 0, 0, -1, 0
133500, -1, -1, -1, -1, -1, -1, -1, -1, -1, -1, -1, -1, -1, 0, 0, 0, -1, 0, 0, 0, -1, 0
133667, -1, -1, -1, -1, -1, -1, -1, -1, -1, -1, -1, -1, -1, 0, 0, 0, -1, 0, 0, 0, -1, 0
133834, -1, -1, -1, -1, -1, -1, -1, -1, -1, -1, -1, -1, -1, 0, 0, 0, -1, 0, 0, 0, -1, 0
134001, -1, -1, -1, -1, -1, -1, -1, -1, -1, -1, -1, -1, -1, 0, 0, 0, -1, 0, 0, 0, -1, 0
134168, -1, -1, -1, -1, -1, -1, -1, -1, -1, -1, -1, -1, -1, 0, 0, 0, -1, 0, 0, 0, -1, 0
134334, -1, -1, -1, -1, -1, -1, -1, -1, -1, -1, -1, -1, -1, 0, 0, 0, -1, 0, 0, 0, -1, 0
134501, -1, -1, -1, -1, -1, -1, -1, -1, -1, -1, -1, -1, -1, 0, 0, 0, -1, 0, 0, 0, -1, 0
134668, -1, -1, -1, -1, -1, -1, -1, -1, -1, -1, -1, -1, -1, 0, 0, 0, -1, 0, 0, 0, -1, 0
134835, -1, -1, -1, -1, -1, -1, -1, -1, -1, -1, -1, -1, -1, 0, 0, 0, -1, 0, 0, 0, -1, 0
135002, -1, -1, -1, -1, -1, -1, -1, -1, -1, -1, -1, -1, -1, 0, 0, 0, -1, 0, 0, 0, -1, 0
135169, -1, -1, -1, -1, -1, -1, -1, -1, -1, -1, -1, -1, -1, 0, 0, 0, -1, 0, 0, 0, -1, 0
135335, -1, -1, -1, -1, -1, -1, -1, -1, -1, -1, -1, -1, -1, 0, 0, 0, -1, 0, 0, 0, -1, 0
135502, -1, -1, -1, -1, -1, -1, -1, -1, -1, -1, -1, -1, -1, 0, 0, 0, -1, 0, 0, 0, -1, 0
135669, -1, -1, -1, -1, -1, -1, -1, -1, -1, -1, -1, -1, -1, 0, 0, 0, -1, 0, 0, 0, -1, 0
135836, -1, -1, -1, -1, -1, -1, -1, -1, -1, -1, -1, -1, -1, 0, 0, 0, -1, 0, 0, 0, -1, 0
136003, -1, -1, -1, -1, -1, -1, -1, -1, -1, -1, -1, -1, -1, 0, 0, 0, -1, 0, 0, 0, -1, 0
136170, -1, -1, -1, -1, -1, -1, -1, -1, -1, -1, -1, -1, -1, 0, 0, 0, -1, 0, 0, 0, -1, 0
136336, -1, -1, -1, -1, -1, -1, -1, -1, -1, -1, -1, -1, -1, 0, 0, 0, -1, 0, 0, 0, -1, 0
136503, -1, -1, -1, -1, -1, -1, -1, -1, -1, -1, -1, -1, -1, 0, 0, 0, -1, 0, 0, 0, -1, 0
136670, -1, -1, -1, -1, -1, -1, -1, -1, -1, -1, -1, -1, -1, 0, 0, 0, -1, 0, 0, 0, -1, 0
136837, -1, -1, -1, -1, -1, -1, -1, -1, -1, -1, -1, -1, -1, 0, 0, 0, -1, 0, 0, 0, -1, 0
137004, -1, -1, -1, -1, -1, -1, -1, -1, -1, -1, -1, -1, -1, 0, 0, 0, -1, 0, 0, 0, -1, 0
137171, -1, -1, -1, -1, -1, -1, -1, -1, -1, -1, -1, -1, -1, 0, 0, 0, -1, 0, 0, 0, -1, 0
137337, -1, -1, -1, -1, -1, -1, -1, -1, -1, -1, -1, -1, -1, 0, 0, 0, -1, 0, 0, 0, -1, 0
137504, -1, -1, -1, -1, -1, -1, -1, -1, -1, -1, -1, -1, -1, 0, 0, 0, -1, 0, 0, 0, -1, 0
137671, -1, -1, -1, -1, -1, -1, -1, -1, -1, -1, -1, -1, -1, 0, 0, 0, -1, 0, 0, 0, -1, 0
137838, -1, -1, -1, -1, -1, -1, -1, -1, -1, -1, -1, -1, -1, 0, 0, 0, -1, 0, 0, 0, -1, 0
138005, -1, -1, -1, -1, -1, -1, -1, -1, -1, -1, -1, -1, -1, 0, 0, 0, -1, 0, 0, 0, -1, 0
138172, -1, -1, -1, -1, -1, -1, -1, -1, -1, -1, -1, -1, -1, 0, 0, 0, -1, 0, 0, 0, -1, 0
138338, -1, -1, -1, -1, -1, -1, -1, -1, -1, -1, -1, -1, -1, 0, 0, 0, -1, 0, 0, 0, -1, 0
138505, -1, -1, -1, -1, -1, -1, -1, -1, -1, -1, -1, -1, -1, 0, 0, 0, -1, 0, 0, 0, -1, 0
138672, -1, -1, -1, -1, -1, -1, -1, -1, -1, -1, -1, -1, -1, 0, 0, 0, -1, 0, 0, 0, -1, 0
138839, -1, -1, -1, -1, -1, -1, -1, -1, -1, -1, -1, -1, -1, 0, 0, 0, -1, 0, 0, 0, -1, 0
139006, -1, -1, -1, -1, -1, -1, -1, -1, -1, -1, -1, -1, -1, 0, 0, 0, -1, 0, 0, 0, -1, 0
139173, -1, -1, -1, -1, -1, -1, -1, -1, -1, -1, -1, -1, -1, 0, 0, 0, -1, 0, 0, 0, -1, 0
139339, -1, -1, -1, -1, -1, -1, -1, -1, -1, -1, -1, -1, -1, 0, 0, 0, -1, 0, 0, 0, -1, 0
139506, -1, -1, -1, -1, -1, -1, -1, -1, -1, -1, -1, -1, -1, 0, 0, 0, -1, 0, 0, 0, -1, 0
139673, -1, -1, -1, -1, -1, -1, -1, -1, -1, -1, -1, -1, -1, 0, 0, 0, -1, 0, 0, 0, -1, 0
139840, -1, -1, -1, -1, -1, -1, -1, -1, -1, -1, -1, -1, -1, 0, 0, 0, -1, 0, 0, 0, -1, 0
140007, -1, -1, -1, -1, -1, -1, -1, -1, -1, -1, -1, -1, -1, 0, 0, 0, -1, 0, 0, 0, -1, 0
140174, -1, -1, -1, -1, -1, -1, -1, -1, -1, -1, -1, -1, -1, 0, 0, 0, -1, 0, 0, 0, -1, 0
140340, -1, -1, -1, -1, -1, -1, -1, -1, -1, -1, -1, -1, -1, 0, 0, 0, -1, 0, 0, 0, -1, 0
140507, -1, -1, -1, -1, -1, -1, -1, -1, -1, -1, -1, -1, -1, 0, 0, 0, -1, 0, 0, 0, -1, 0
140674, -1, -1, -1, -1, -1, -1, -1, -1, -1, -1, -1, -1, -1, 0, 0, 0, -1, 0, 0, 0, -1, 0
140841, -1, -1, -1, -1, -1, -1, -1, -1, -1, -1, -1, -1, -1, 0, 0, 0, -1, 0, 0, 0, -1, 0
141008, -1, -1, -1, -1, -1, -1, -1, -1, -1, -1, -1, -1, -1, 0, 0, 0, -1, 0, 0, 0, -1, 0
141175, -1, -1, -1, -1, -1, -1, -1, -1, -1, -1, -1, -1, -1, 0, 0, 0, -1, 0, 0, 0, -1, 0
141341, -1, -1, -1, -1, -1, -1, -1, -1, -1, -1, -1, -1, -1, 0, 0, 0, -1, 0, 0, 0, -1, 0
141508, -1, -1, -1, -1, -1, -1, -1, -1, -1, -1, -1, -1, -1, 0, 0, 0, -1, 0, 0, 0, -1, 0
141675, -1, -1, -1, -1, -1, -1, -1, -1, -1, -1, -1, -1, -1, 0, 0, 0, -1, 0, 0, 0, -1, 0
141842, -1, -1, -1, -1, -1, -1, -1, -1, -1, -1, -1, -1, -1, 0, 0, 0, -1, 0, 0, 0, -1, 0
142009, -1, -1, -1, -1, -1, -1, -1, -1, -1, -1, -1, -1, -1, 0, 0, 0, -1, 0, 0, 0, -1, 0
142176, -1, -1, -1, -1, -1, -1, -1, -1, -1, -1, -1, -1, -1, 0, 0, 0, -1, 0, 0, 0, -1, 0
142342, -1, -1, -1, -1, -1, -1, -1, -1, -1, -1, -1, -1, -1, 0, 0, 0, -1, 0, 0, 0, -1, 0
142509, -1, -1, -1, -1, -1, -1, -1, -1, -1, -1, -1, -1, -1, 0, 0, 0, -1, 0, 0, 0, -1, 0
142676, -1, -1, -1, -1, -1, -1, -1, -1, -1, -1, -1, -1, -1, 0, 0, 0, -1, 0, 0, 0, -1, 0
142843, -1, -1, -1, -1, -1, -1, -1, -1, -1, -1, -1, -1, -1, 0, 0, 0, -1, 0, 0, 0, -1, 0
143010, -1, -1, -1, -1, -1, -1, -1, -1, -1, -1, -1, -1, -1, 0, 0, 0, -1, 0, 0, 0, -1, 0
143177, -1, -1, -1, -1, -1, -1, -1, -1, -1, -1, -1, -1, -1, 0, 0, 0, -1, 0, 0, 0, -1, 0
143343, -1, -1, -1, -1, -1, -1, -1, -1, -1, -1, -1, -1, -1, 0, 0, 0, -1, 0, 0, 0, -1, 0
143510, -1, -1, -1, -1, -1, -1, -1, -1, -1, -1, -1, -1, -1, 0, 0, 0, -1, 0, 0, 0, -1, 0
143677, -1, -1, -1, -1, -1, -1, -1, -1, -1, -1, -1, -1, -1, 0, 0, 0, -1, 0, 0, 0, -1, 0
143844, -1, -1, -1, -1, -1, -1, -1, -1, -1, -1, -1, -1, -1, 0, 0, 0, -1, 0, 0, 0, -1, 0
144011, -1, -1, -1, -1, -1, -1, -1, -1, -1, -1, -1, -1, -1, 0, 0, 0, -1, 0, 0, 0, -1, 0
144178, -1, -1, -1, -1, -1, -1, -1, -1, -1, -1, -1, -1, -1, 0, 0, 0, -1, 0, 0, 0, -1, 0
144344, -1, -1, -1, -1, -1, -1, -1, -1, -1, -1, -1, -1, -1, 0, 0, 0, -1, 0, 0, 0, -1, 0
144511, -1, -1, -1, -1, -1, -1, -1, -1, -1, -1, -1, -1, -1, 0, 0, 0, -1, 0, 0, 0, -1, 0
144678, -1, -1, -1, -1, -1, -1, -1, -1, -1, -1, -1, -1, -1, 0, 0, 0, -1, 0, 0, 0, -1, 0
144845, -1, -1, -1, -1, -1, -1, -1, -1, -1, -1, -1, -1, -1, 0, 0, 0, -1, 0, 0, 0, -1, 0
145012, -1, -1, -1, -1, -1, -1, -1, -1, -1, -1, -1, -1, -1, 0, 0, 0, -1, 0, 0, 0, -1, 0
145179, -1, -1, -1, -1, -1, -1, -1, -1, -1, -1, -1, -1, -1, 0, 0, 0, -1, 0, 0, 0, -1, 0
145345, -1, -1, -1, -1, -1, -1, -1, -1, -1, -1, -1, -1, -1, 0, 0, 0, -1, 0, 0, 0, -1, 0
145512, -1, -1, -1, -1, -1, -1, -1, -1, -1, -1, -1, -1, -1, 0, 0, 0, -1, 0, 0, 0, -1, 0
145679, -1, -1, -1, -1, -1, -1, -1, -1, -1, -1, -1, -1, -1, 0, 0, 0, -1, 0, 0, 0, -1, 0
145846, -1, -1, -1, -1, -1, -1, -1, -1, -1, -1, -1, -1, -1, 0, 0, 0, -1, 0, 0, 0, -1, 0
146013, -1, -1, -1, -1, -1, -1, -1, -1, -1, -1, -1, -1, -1, 0, 0, 0, -1, 0, 0, 0, -1, 0
146180, -1, -1, -1, -1, -1, -1, -1, -1, -1, -1, -1, -1, -1, 0, 0, 0, -1, 0, 0, 0, -1, 0
146346, -1, -1, -1, -1, -1, -1, -1, -1, -1, -1, -1, -1, -1, 0, 0, 0, -1, 0, 0, 0, -1, 0
146513, -1, -1, -1, -1, -1, -1, -1, -1, -1, -1, -1, -1, -1, 0, 0, 0, -1, 0, 0, 0, -1, 0
146680, -1, -1, -1, -1, -1, -1, -1, -1, -1, -1, -1, -1, -1, 0, 0, 0, -1, 0, 0, 0, -1, 0
146847, -1, -1, -1, -1, -1, -1, -1, -1, -1, -1, -1, -1, -1, 0, 0, 0, -1, 0, 0, 0, -1, 0
147014, -1, -1, -1, -1, -1, -1, -1, -1, -1, -1, -1, -1, -1, 0, 0, 0, -1, 0, 0, 0, -1, 0
147181, -1, -1, -1, -1, -1, -1, -1, -1, -1, -1, -1, -1, -1, 0, 0, 0, -1, 0, 0, 0, -1, 0
147347, -1, -1, -1, -1, -1, -1, -1, -1, -1, -1, -1, -1, -1, 0, 0, 0, -1, 0, 0, 0, -1, 0
147514, -1, -1, -1, -1, -1, -1, -1, -1, -1, -1, -1, -1, -1, 0, 0, 0, -1, 0, 0, 0, -1, 0
147681, -1, -1, -1, -1, -1, -1, -1, -1, -1, -1, -1, -1, -1, 0, 0, 0, -1, 0, 0, 0, -1, 0
147848, -1, -1, -1, -1, -1, -1, -1, -1, -1, -1, -1, -1, -1, 0, 0, 0, -1, 0, 0, 0, -1, 0
148015, -1, -1, -1, -1, -1, -1, -1, -1, -1, -1, -1, -1, -1, 0, 0, 0, -1, 0, 0, 0, -1, 0
148182, -1, -1, -1, -1, -1, -1, -1, -1, -1, -1, -1, -1, -1, 0, 0, 0, -1, 0, 0, 0, -1, 0
148348, -1, -1, -1, -1, -1, -1, -1, -1, -1, -1, -1, -1, -1, 0, 0, 0, -1, 0, 0, 0, -1, 0
148515, -1, -1, -1, -1, -1, -1, -1, -1, -1, -1, -1, -1, -1, 0, 0, 0, -1, 0, 0, 0, -1, 0
148682, -1, -1, -1, -1, -1, -1, -1, -1, -1, -1, -1, -1, -1, 0, 0, 0, -1, 0, 0, 0, -1, 0
148849, -1, -1, -1, -1, -1, -1, -1, -1, -1, -1, -1, -1, -1, 0, 0, 0, -1, 0, 0, 0, -1, 0
149016, -1, -1, -1, -1, -1, -1, -1, -1, -1, -1, -1, -1, -1, 0, 0, 0, -1, 0, 0, 0, -1, 0
149183, -1, -1, -1, -1, -1, -1, -1, -1, -1, -1, -1, -1, -1, 0, 0, 0, -1, 0, 0, 0, -1, 0
149349, -1, -1, -1, -1, -1, -1, -1, -1, -1, -1, -1, -1, -1, 0, 0, 0, -1, 0, 0, 0, -1, 0
149516, -1, -1, -1, -1, -1, -1, -1, -1, -1, -1, -1, -1, -1, 0, 0, 0, -1, 0, 0, 0, -1, 0
149683, -1, -1, -1, -1, -1, -1, -1, -1, -1, -1, -1, -1, -1, 0, 0, 0, -1, 0, 0, 0, -1, 0
149850, -1, -1, -1, -1, -1, -1, -1, -1, -1, -1, -1, -1, -1, 0, 0, 0, -1, 0, 0, 0, -1, 0
150017, -1, -1, -1, -1, -1, -1, -1, -1, -1, -1, -1, -1, -1, 0, 0, 0, -1, 0, 0, 0, -1, 0
150184, -1, -1, -1, -1, -1, -1, -1, -1, -1, -1, -1, -1, -1, 0, 0, 0, -1, 0, 0, 0, -1, 0
150350, -1, -1, -1, -1, -1, -1, -1, -1, -1, -1, -1, -1, -1, 0, 0, 0, -1, 0, 0, 0, -1, 0
150517, -1, -1, -1, -1, -1, -1, -1, -1, -1, -1, -1, -1, -1, 0, 0, 0, -1, 0, 0, 0, -1, 0
150684, -1, -1, -1, -1, -1, -1, -1, -1, -1, -1, -1, -1, -1, 0, 0, 0, -1, 0, 0, 0, -1, 0
150851, -1, -1, -1, -1, -1, -1, -1, -1, -1, -1, -1, -1, -1, 0, 0, 0, -1, 0, 0, 0, -1, 0
151018, -1, -1, -1, -1, -1, -1, -1, -1, -1, -1, -1, -1, -1, 0, 0, 0, -1, 0, 0, 0, -1, 0
151185, -1, -1, -1, -1, -1, -1, -1, -1, -1, -1, -1, -1, -1, 0, 0, 0, -1, 0, 0, 0, -1, 0
151351, -1, -1, -1, -1, -1, -1, -1, -1, -1, -1, -1, -1, -1, 0, 0, 0, -1, 0, 0, 0, -1, 0
151518, -1, -1, -1, -1, -1, -1, -1, -1, -1, -1, -1, -1, -1, 0, 0, 0, -1, 0, 0, 0, -1, 0
151685, -1, -1, -1, -1, -1, -1, -1, -1, -1, -1, -1, -1, -1, 0, 0, 0, -1, 0, 0, 0, -1, 0
151852, -1, -1, -1, -1, -1, -1, -1, -1, -1, -1, -1, -1, -1, 0, 0, 0, -1, 0, 0, 0, -1, 0
152019, -1, -1, -1, -1, -1, -1, -1, -1, -1, -1, -1, -1, -1, 0, 0, 0, -1, 0, 0, 0, -1, 0
152186, -1, -1, -1, -1, -1, -1, -1, -1, -1, -1, -1, -1, -1, 0, 0, 0, -1, 0, 0, 0, -1, 0
152352, -1, -1, -1, -1, -1, -1, -1, -1, -1, -1, -1, -1, -1, 0, 0, 0, -1, 0, 0, 0, -1, 0
152519, -1, -1, -1, -1, -1, -1, -1, -1, -1, -1, -1, -1, -1, 0, 0, 0, -1, 0, 0, 0, -1, 0
152686, -1, -1, -1, -1, -1, -1, -1, -1, -1, -1, -1, -1, -1, 0, 0, 0, -1, 0, 0, 0, -1, 0
152853, -1, -1, -1, -1, -1, -1, -1, -1, -1, -1, -1, -1, -1, 0, 0, 0, -1, 0, 0, 0, -1, 0
153020, -1, -1, -1, -1, -1, -1, -1, -1, -1, -1, -1, -1, -1, 0, 0, 0, -1, 0, 0, 0, -1, 0
153187, -1, -1, -1, -1, -1, -1, -1, -1, -1, -1, -1, -1, -1, 0, 0, 0, -1, 0, 0, 0, -1, 0
153353, -1, -1, -1, -1, -1, -1, -1, -1, -1, -1, -1, -1, -1, 0, 0, 0, -1, 0, 0, 0, -1, 0
153520, -1, -1, -1, -1, -1, -1, -1, -1, -1, -1, -1, -1, -1, 0, 0, 0, -1, 0, 0, 0, -1, 0
153687, -1, -1, -1, -1, -1, -1, -1, -1, -1, -1, -1, -1, -1, 0, 0, 0, -1, 0, 0, 0, -1, 0
153854, -1, -1, -1, -1, -1, -1, -1, -1, -1, -1, -1, -1, -1, 0, 0, 0, -1, 0, 0, 0, -1, 0
154021, -1, -1, -1, -1, -1, -1, -1, -1, -1, -1, -1, -1, -1, 0, 0, 0, -1, 0, 0, 0, -1, 0
154188, -1, -1, -1, -1, -1, -1, -1, -1, -1, -1, -1, -1, -1, 0, 0, 0, -1, 0, 0, 0, -1, 0
154354, -1, -1, -1, -1, -1, -1, -1, -1, -1, -1, -1, -1, -1, 0, 0, 0, -1, 0, 0, 0, -1, 0
154521, -1, -1, -1, -1, -1, -1, -1, -1, -1, -1, -1, -1, -1, 0, 0, 0, -1, 0, 0, 0, -1, 0
154688, -1, -1, -1, -1, -1, -1, -1, -1, -1, -1, -1, -1, -1, 0, 0, 0, -1, 0, 0, 0, -1, 0
154855, -1, -1, -1, -1, -1, -1, -1, -1, -1, -1, -1, -1, -1, 0, 0, 0, -1, 0, 0, 0, -1, 0
155022, -1, -1, -1, -1, -1, -1, -1, -1, -1, -1, -1, -1, -1, 0, 0, 0, -1, 0, 0, 0, -1, 0
155189, -1, -1, -1, -1, -1, -1, -1, -1, -1, -1, -1, -1, -1, 0, 0, 0, -1, 0, 0, 0, -1, 0
155355, -1, -1, -1, -1, -1, -1, -1, -1, -1, -1, -1, -1, -1, 0, 0, 0, -1, 0, 0, 0, -1, 0
155522, -1, -1, -1, -1, -1, -1, -1, -1, -1, -1, -1, -1, -1, 0, 0, 0, -1, 0, 0, 0, -1, 0
155689, -1, -1, -1, -1, -1, -1, -1, -1, -1, -1, -1, -1, -1, 0, 0, 0, -1, 0, 0, 0, -1, 0
155856, -1, -1, -1, -1, -1, -1, -1, -1, -1, -1, -1, -1, -1, 0, 0, 0, -1, 0, 0, 0, -1, 0
156023, -1, -1, -1, -1, -1, -1, -1, -1, -1, -1, -1, -1, -1, 0, 0, 0, -1, 0, 0, 0, -1, 0
156190, -1, -1, -1, -1, -1, -1, -1, -1, -1, -1, -1, -1, -1, 0, 0, 0, -1, 0, 0, 0, -1, 0
